Game Name|Screen resolution|Current Status|Description|Last Updated|MD5 Hash(es)
:---------|:-----------------|:-------------:|:-----------|:-------------:|:-------------:
007 – Top Agent|320x240|Perfect||06/04/23|754b1accbfa8ed54f296375cde1a41bf (320x240)
1941 – Frozen Front|101x80|Perfect|Works better with the Siemens Control Scheme|05/14/25|b5d8869061e3ab8b4f1d951c83afe363 (101x80)
1943 - The Battle of Midway|240x320|Perfect||09/17/24|58fb0a0f4cd0fdfa8318002e1733909d (240x320)
2012-末日传说 (2012 - The Legend of Doomsday)|240x320, 320x240, 640x360|Perfect|640x360 is not rotated, instead it’s an actual 640x360 framebuffer|06/04/23|18f783d7bb3aec5499703b5afa991485 (320x240)
24 – Jack Bauer|240x320, 320x240|Perfect||06/04/23|f0db50d1d356bbcb475584399a4d9c43 (320x240)
3D Air Combat – Drift In Time|240x320|Perfect|Works fine, menu inputs are a bit weird (controls like a lever of sorts, pressing down then up moves up, can be replicated in other emulators and devices)|08/01/25|1a6b483afe326925f364f2eee02281c5 (240x320)
3D Bio Soldiers|240x320|Perfect||06/04/23|fef0c82d96636760fe53ec640f522ad6 (240x320)
3D魔域镇魂曲 (3D Demon Realm: Requiem)|240x320|Perfect|Pseudo-3D.|07/05/25|e7b050576482f4fe6ba7aecf5caa50fb (240x320)
3D Dungeon Warrior|240x320|Perfect||06/04/23|f67dd7cb022d8e18a67a585505d5427f (240x320)
3D Formula Extreeme!|240x320|Ingame|Freezes during the first loading screen|06/04/23|79672f24f05f1274b1075d2620f7ea61 (240x320)
3D Saboteur – Mystery of the 3rd Reich|352x416|Perfect|Throws multiple 'Couldn't Load Image Data From Byte Array' messages at the console|11/02/23|80fb0a939ec0a8ddf542af34eef29ab8 (352x416)
3D雷电-激战银河系 (3D Thunderbolt - Battle of the Galaxies)|240x320 (portrait 320x240)|Perfect|Default rotation as 240x320 works fine|06/04/23|3cadf82a401c138ee848fdd9ced3df08 (240x320)
3D Timeshock Super Pinball|176x208, 320x240|Not booting|Crashes at the initial loading screen with errors on multiple m3g functions as well as lcdui|06/04/23|58b933bf636fec89924e3ff45a575c41 (320x240)
4x4 American Rally|240x320|Perfect||10/28/23|773337e33e397850975727f126162458 (240x320)
4x4 Extreme Rally|208x208|Perfect|This game doesn’t seem to have audio of any kind|10/28/23|9421ac84238d46cf3787a708c384cd40 (208x208)
4x4 Extreme Rally 3D|240x320|Ingame|Goes ingame, but has ton of object placement and translation issues|04/21/25|c1bc9bd8c7fa7a78c5023a2b31a0f10e (240x320)
Absolute Force – Mercenary Sniper|240x320|Perfect||10/29/23|4f963108ed76bdbc6768753c867ce577 (240x320)
Ace Combat – Northern Wings|240x320|Perfect||06/04/23|0551efe7737dc9c25669fd4824ff616e (240x320)
Ace Fighter 2009|240x320|Perfect||08/02/25|ffa0afa52db222275cceeb4f15955b5b (240x320)
大話西遊-悟空傳 (A Chinese Odyssey: Wukong)|176x208|Perfect||04/27/25|7f607af02525d8145f1274f3e7a6efc8 (176x208)
ActionDX [I-Appli]|240x240|Perfect||09/04/25|2579cde2bbf4220b4ada9c04a657f325 (240x240)
ActRaiser|240x320|Perfect||09/22/25|b2a65aa8eb899f7b611f879b024114d2 (240x320)
Adrenalin|320x240|Perfect||06/04/23|23e9015dd7597763665d084aefb11e4d (320x240)
Adrenaline Rush: Miami Drive|360x640 (touch)|Perfect||11/18/24|5f907a2548ddf08749b5739a1f3db530 (360x640)
Adventure Island|320x240, 240x320|Perfect||06/04/23|27d3f6052a6e5010ed8116b09dcb7779 (320x240, 240x320)
新高桥名人之冒险岛 (Adventure Island: Master Higgins in Monster World)|240x320|Perfect|Works, though the key controls are an issue (has to be tested on a real device)|10/30/24|e633670b6523a9f970ffc2cec4c0ce4e (240x320)
Adventure Time – Heroes of Ooo|320x240|Perfect||11/22/24|8bfa67f061efdc54785574a5a2cb1152 (320x240)
Agent Smith – World Assault|320x240|Perfect||06/04/23|ea647dbfe32e938de1f9c509f0e87340 (320x240)
Age of Empires 3 - The Asian Dynasties|240x320|Perfect||06/04/23|9bc72bb09bf76e28b33239e23278f2bd (320x240)
A Good Day to Die Hard|240x320|Minor issues|Almost perfect, can’t play audio/amr files|06/04/23|5a8052c4150e3c8ba39340932760e98f (240x320)
AH-1 SeaBomber|128x128|Perfect|Perfect when locked to 60fps or less.|12/01/24|a40f809dccb127636f3485511c7b97f5 (128x128)
Air Combat 2012|240x320|Perfect||09/22/24|003e6ecc26163fcb2bd3c4980b695434 (240x320)
Aircraft Gear|240x320|Perfect||06/04/23|b813cf20b1e0aeb1e4c28ca102ad9df3 (240x320)
AirForceX|101x80|Perfect|Works better with the Siemens Control Scheme|05/14/25|221c4001faca14439410570806d3fddf (101x80)
Air Strike 1944 – Fight for Freedom|240x320|Perfect||06/04/23|8437c276a28feecaf7a14bf9c54da674 (240x320)
Air War 3D|240x320|Ingame|Works fine until after the menus, where loading a 3D Scene fails with javax.microedition.m3g .Node.setRenderingEnable()|06/04/23|5f0df90bef4dd857b494067345410646 (320x240)
悪魔城伝説 (Akumajō Densetsu) [I-Appli]|240x240|Not booting|Hits a startup error soon after boot|09/04/25|2bcf408d1ebdd9ef20babbd36c82a929 (240x240)
Alien Attack|101x80|Perfect|Requires the Siemens Control Scheme|05/16/25|57ca3bde4b420cb4632c84c63c79bc65 (101x80)
Alien Quarantine|320x240|Perfect||06/04/23|c67a56e10ce614ee4a807377b511333d (320x240)
Alien Shooter 3D|240x320|Perfect|Does not rely on FreeJ2ME's incomplete 3D implementation, so it works absolutely fine|06/04/23|2d64e75d4f0520d354d33119bb8b110f (240x320)
Alloy Storm|240x320|Perfect||06/04/23|10b503a49bc85ab46364130e2ac2bea8 (240x320)
AlphaMania|96x65|Perfect|Runs perfectly with the "Immediate Repaints" compatibility setting|06/13/25|c16c3293b9938253775dfc80e2292e1a (96x65)
Alpha Wing|240x320|Perfect||06/04/23|369a27c8242ce3a27693131998d9bdff (240x320)
Alpha Wing 2|320x240|Ingame|Has some screen repaint issues in the intro, but can be skipped right into the title screen, which triggers a full repaint. After selecting the ship, the game crashes with a m3g.Node.getParent() error.|06/04/23|807d408344e43d80276ea474e264d716 (320x240)
Alpha Zone 3D|208x208|Perfect||04/15/25|36fff71ff155b6d172c345079d354775 (208x208)
American Gangster – The Mobile Game|320x240|Perfect||06/04/23|90d53e76dd13af7f116f0e9aeca90661 (320x240)
Amoebas|96x65|Perfect||04/12/25|342105846d673e0cad085d4849cf0de3 (96x65)
Amped Snowboarding|320x240|Perfect||10/09/24|4c3d87ea95ad705a0b11b08a248c6506 (320x240)
Ancient Empires II|240x320|Perfect||04/17/25|a3a13e887f75e25d6233f85d6eb225c5 (240x320)
Angry Birds|240x400 (touch)|Minor issues|2D Background doesn’t always cover the whole screen.|04/16/25|c9baa96712770f0cea138aa64fc45aa9 (240x400)
Angry Birds Seasons|240x400 (touch)|Minor issues|2D Background doesn’t always cover the whole screen.|04/16/25|ed423b7e236f65bcc6ef7d2f97cc5ccf (240x400)
Anito: Call Of The Land|208x320|Perfect|When entering the next level, the character may spawn outside the invisible wall due to a game bug.|07/05/25|9d17a87096a1d7bca106bf08784a7417 (208x320 CN)
反恐英雄之荒岛求生 (Anti-Terror Hero: Island Survival)|176x208|Perfect||07/05/25|4c4f80854e5b693a954de71d6c9223b9 (176x208)
反恐尖兵 (Anti-terrorist Spike - Counter Striker)|320x240|Perfect|Spams the console with text during gameplay|06/04/23|68eb4d258a3e91726d09a1afc9952775 (320x240)
Anti-Terrorist Unit I|101x80|Perfect||05/14/25|07c5dedd553a470d4c89e3be91a57636 (101x80)
Apotheosize|240x320|Perfect|Runs perfectly|09/17/24|190c1d339a45bc80526cb694035b7030 (240x320)
Aqua Race|101x80|Perfect||11/17/24|214daa9a3bdebea62a118e91247a5edd (101x80)
Arcadius|240x320 (portrait 320x240)|Perfect|Free' version gets stuck at the first menu since it requires network connection, which isn’t implemented, but the cracked version is perfect.|09/19/24|aab94b77b9ae7789b067de381db482a1 (portrait 320x240)
Archangel|240x320|Perfect|Normally locks to 30fps, but is more playable at either 20 or 15fps|06/25/25|7b820e283afb0fe0e0199a2bf3e5b5b5 (240x320)
Arkanoid Evolution|320x240|Perfect|Throws 'IllegalThreadStateException' on 'AWT-EventQueue-0' when starting, but it appears to cause no real issues.|06/04/23|a47e72fef5c8a41502d39a38644aa22f (320x240)
Armor Hero|240x320|Perfect||06/04/23|9be3c0441c996a2df9d27f8aa35098b4 (240x320)
Artic Assault 3D (yes, it’s 'Artic')|320x240 (landscape 240x320)|Perfect||06/04/23|c38740a34ee33ad3c4a28af44cc1c4c5 (landscape 240x320)
Art of War|320x240|Perfect||06/04/23|250357f26b4ff5298ea83638f889a557 (320x240)
Art of War 2 - Liberation of Peru|240x320|Perfect||06/04/23|2a650a26c18d5eee79acd1927157224f (240x320)
Asphalt - Urban GT|240x320|Perfect||06/04/23|747fb916dc5d5fc177f8103cfa12ae5d (240x320)
Asphalt - Urban GT 3D|240x320|Minor issues|Cannot render Sprite3D objects yet, otherwise, all other 3D objects are fine.|04/12/25|33d8bd00d46bac30b3e51f5c0c1faca5 (240x320)
Asphalt 2 - Urban GT|240x320|Perfect|Do not use the “No Alpha on blank images” speedhack, as it can break the main menu.|11/18/24|824d1d853de1f9f45dfbce38dd9bba0e (240x320)
Asphalt 3 - Street Rules|320x240|Perfect||06/04/23|1bff029a0a058c6b6f16febc71bcde17 (320x240)
Asphalt 3 - Street Rules 3D|320x240|Ingame|2D Elements are rendered, but nothing 3D shows up|06/04/23|6c66a5c88412229e24e234ca03d33c38 (320x240)
Asphalt 4 - Elite Racing|240x320|Perfect||06/04/23|cf98779e36fd387784b0da296b907d2d (240x320)
Asphalt 6 - Adrenaline|320x240|Perfect||06/04/23|34bd5a7c891f74cc25c73c783447df2d (320x240)
Asphalt Nitro|320x240|Perfect||11/16/24|29cd967bb20c86203e4aef0c1f05a93d (320x240)
Assassin's Creed|320x240|Perfect||06/04/23|f59391c7e74d939097f32b93e89f22c6 (320x240)
Assassin's Creed Brotherhood|320x240|Perfect||06/04/23|2d16c624591e911cc1f31db49ec443a5 (320x240)
Assassin's Creed II|320x240|Perfect||06/04/23|3d04a71bda205853a7a9a431fc462ba3 (320x240)
Assassin's Creed III|320x240|Minor issues|Works almost perfectly (complains about the lack of a player for audio/amr, missing audio fx)|11/16/24|2b5c644b98e2d07a80083488cfcd0180 (320x240)
Assassin's Creed Revelations|320x240|Perfect||06/04/23|3c0aecff81759f6883dc890ee3746c61 (320x240)
Asteroids|240x320|Perfect|Perfect when limited to 60fps or less|11/20/24|033c830efa9d2c6ff586ba3936875d7d (240x320)
Aston Golf|101x80|Perfect|Requires the Siemens Control Scheme|07/29/25|08d8cceddefb29909985141883654317 (101x80)
Astro Knight – Galaxy|240x320|Perfect||02/27/25|6f970aa4926a5ce5b0d564888abbd96c (240x320)
Attack Mission - Atlantic Harbour|240x320|Perfect|Needs the "Immediate Repaints" compatibility flag, and a lock to 15fps|07/06/25|332e7f31def4e5a9a44d85f9adab2805 (240x320)
Atomic Underground|101x80|Perfect||05/14/25|589146dafcac6829372c76579ebbc337 (101x80)
阿图德拉天空战记 (Atudra Sky Warrior)|240x320|Perfect||10/09/24|c6cb61687fc6435f5c941bb4cbbffb7c (240x320)
Avalanche Snowboarding|320x240|Perfect||06/04/23|3925b9e3af7dec0f992cb33bc2070408 (320x240)
斩妖伏魔录 1 ('Avenger' 1)|240x320|Perfect||06/04/23|ce8a21ce0e8b5208020c707c385e0357 (240x320)
斩妖伏魔录 2 ('Avenger' 2)|240x320|Perfect||06/14/25|a096aa32f80566b3edfbf93b3c366e8a (240x320)
斩妖伏魔录 3 ('Avenger' 3)|240x320|Perfect||06/04/23|c2e9a03d33507bf90e797feb17a37505 (240x320)
斩妖伏魔录 4 ('Avenger' 4)|240x320|Perfect||06/04/23|2a1e2ae0db1d6329825a742bff5f880b (240x320)
Baca Cirno 9|240x320|Perfect||09/22/25|f1d20c75d3b888e0a13f8033005a2251 (240x320)
Baldur’s Gate|240x320|Perfect||04/24/25|440751386b3b4095d3179ec13025ed1e (240x320)
Banjo-Kazooie: Grunty's Revenge Mobile|176x208|Perfect|Nokia version is perfect|10/30/24|056cd0c1382773a9bc4789ee61a437a0 (176x208)
Banjo-Kazooie: Grunty's Revenge: Missions|176x220|Perfect||10/30/24|923da1446cd69c7be442a0f4e12b019e (176x220)
Battleship MODERN|320x240 (touch)|Perfect||11/29/24|da6cdb3b3b922c76c2d9fd0a7fe70f25 (320x240 Touch)
Beach Rally|128x128|Perfect|Perfect  after being limited to 60fps|12/01/24|d919bf785316d0312cd2851f8b429f8f (128x128)
劲爆音乐画师 (Beatstroke)|240x320|Perfect||05/18/25|844d5cd38a251a1c4b51671e9492675d (240x320)
Ben 10 – Ultimate Alien|320x240|Perfect||06/04/23|303c6165233700176bb77284b4891559 (320x240)
Bermuda|101x80|Perfect|Requires the Siemens Control Scheme|07/29/25|8f04929a93364acf354e782e01140b29 (101x80)
生化危城-僵尸爆发 (Biohazard – Zombie Outbreak)|240x320|Perfect|Fails to load some Image Stream objects, but gameplay and visuals are unaffected|06/04/23|416d9557f788eac504d926b0c89edc06 (240x320)
Billy the Kid Wanted|176x220|Perfect||09/25/25|fee640d3d7e476a123998469800c62d0 (176x220 CN)
Bionic Commando Rearmed|240x320|Perfect||06/04/23|27148bc083f76e95af32f3822ab30916 (240x320)
Blade Knight Tactics – Two Cities|240x320|Perfect||10/12/24|722d9ea4c926087d75c119b69173f678 (240x320)
侠侣仙踪 (Blade Oath: Dynasty's Veil)|240x320|Perfect||05/18/25|633523dd9e4abeaef6b40de22d7259df (240x320)
BLAST GUNNER [I-Appli]|240x240|Minor issues|Has some minor audio issues (PCM streams too loud)|07/24/25|ce493ea25f3ba90ffb29e359d61a9674 (240x240)
Block Breaker 2 Deluxe|240x320|Perfect||06/12/23|8854a9f721a15abd485d8e5b19692349 (240x320)
Block Breaker 3 Unlimited|320x240|Perfect||06/04/23|490a99d9233bab8290a0c8feb95d1294 (320x240)
Block Breaker Deluxe|240x320|Perfect||06/12/23|1f8c17b00e2e3ba0b192b75d4e6a74f2 (240x320)
Block Breaker EE|96x65|Perfect|Inputs are a bit strange, but it's easy to get used to|06/14/25|b4261a4bd5a0daef256f36f8400a2d0c (96x65)
Block’D|240x320|Perfect||06/04/23|c8af645d9dae12dd166433be0c7df888 (240x320)
Blocspin 360|320x240|Perfect||10/24/24|a07c36c900c04773fdb7240353f94bb4 (320x240)
Blood+|240x320|Perfect|Previous crashes on boot were a jar problem.|06/04/23|a0c27bc54b234b5ddb8afa71823678e6 (240x320)
末日噬血暗影刺杀者 (Bloodthirsty Shadow Assassins of Doom)|240x320|Perfect|Throws some log messages at the console|01/21/24|f629e5855d109729dbdc5953278b9ba4 (240x320)
Blub!|96x65, 176x208|Perfect|Perfect as long as the resolution in freej2me matches what the jar expects at boot|02/23/25|43c363dc0ed94aee101bd5287961578c (176x208) 59f7548635976a87d934c5c8b238f27f (96x65)
Blur|240x320|Perfect||10/29/23|eaf562eb51daa346711eb93ec4219235 (240x320)
Boarder Cross|128x128|Perfect||02/23/25|d84e6dd6690a7ec7896eda33e2ad5d05 (128x128)
ﾎﾞﾝﾊﾞｰﾏﾝ08 (Bomberman '08) [I-Appli]|240x240|Minor issues|Has some minor timing, audio and graphical glitches, needs a lock to 10fps|07/30/25|26895e9bd1d99c6a20a467292fe04934 (240x240)
Bomberman 3D Atomic|320x240|Minor issues|Works fine, but has some minor graphics issues, most notably texture distortion|04/17/25|aff2387fae85f7ae091be1bea508dcec (320x240)
Bomberman 3D (Living Mobile)|240x320|Ingame|Menus work, nothing 3D renders, probably uses M3G|10/09/24|c07c863de266d8aec91ff18d8544410e (240x320)
Bomberman Deluxe|240x320|Perfect||06/04/23|ac6f06a17186d12ed8c62e16a4045f57 (240x320)
ﾎﾞﾝﾊﾞｰﾏﾝJ 1 (Bomberman Jetters Vol. 1) [I-Appli]|240x240|Minor issues|Has some minor graphical glitches|07/26/25|95859b82b883f8f50394e563c4ca56a1 (240x240)
Bomberman Kart|208x208|Perfect||11/02/23|fec4e8bedd85326a6e5df52e8fe89622 (208x208)
Bomberman Panic|320x240|Perfect|Audio playback is a bit wonky, but it is also this way on my Huawei G6608|06/04/23|200a8f242108756fee76d5bda5809c3d (320x240)
Bomberman Reloaded|240x320|Perfect||06/04/23|9a6a36d94447b0a9f07ac8c62d1bd1b0 (240x320)
ﾎﾞﾝﾊﾞｰﾏﾝ復刻版 (Bomberman Reprint Edition) [I-Appli]|240x240|Minor issues|Has some minor timing, audio and graphical glitches, needs a lock to 10fps|07/29/25|79e2d222b69b2c63db0238582330260c (240x240)
BombJack|96x65|Perfect||08/01/25|f5be2ada44e7a4407d79ce44ee64e042 (96x65)
Bonk’s Return|320x240|Perfect||06/04/23|ebf596f88df9b5e1b6bb78b1a7430d4f (320x240)
Boombakas Pro|360x640|Minor issues|Disable high-quality audio for smooth gameplay.|07/05/25|827fc16399482f80a5c9e516b1fe0154 (360x640 CN) 2129ce32cd7a068296600413be53f990 (360x640 EN)
Bounce|128x128|Perfect||12/01/24|3fa5042f1bc1e7822ea8d3eb3cf73d04 (128x128)
Bounce Back|176x208|Perfect||07/06/25|6339ad61da60fb68d643ccd826b036b9 (176x208)
Bounce Tales|240x320|Perfect|If playing preinstalled phone versions, game.conf has to be manually edited prior to first launch to say 'phone:Nokia' and 'fps:60'|06/04/23|f3c394684ade3b7c83174f23e6f97174 (240x320)
Boxing Mania!|240x320|Minor issues|Can’t play audio/amr files|10/09/24|88a48b7b220ffd9a5ba5035cf1ef726d (240x320)
BreakQuest Mobile|240x320|Perfect|Heap memory usage goes through the roof with the default JVM allocation, using the '-Xmx128m' launch argument with FreeJ2ME is a valid workaround at the moment, if not using custom soundfonts|11/20/24|bc44a86da1573125006f8b0ef6176c69 (240x320)
Brick Breaker Revolution 3D|320x240|Perfect|Perfect with a 60fps cap|04/12/25|395f441770755bc80a1bef0cfaa1b376 (320x240)
Brick Breaker Revolution 3D 2|320x240|Perfect|Background isn’t perfectly round, but that might be due to the lack of texture filtering in M3G, which is optional.|01/01/25|df69cd322e123f08b04f884f8dab2c0f (320x240)
Brick & Bubble Revolution|320x240 (multiscreen?)|Perfect|Digital Chocolate games have a tendency of scaling very well to multiple screens in the same jar.|10/24/24|d90d9931d6006ba4e7c001fae1ea17b2 (320x240)
Brothers in Arms - Art of War|240x320|Perfect|Previous crash after the parachute section with a Canvas.repaint() error was a jar problem|06/04/23|da18d5a3b57464775ca03c7820069d6b (240x320)
Brothers in Arms - Earned in Blood|240x320|Perfect||06/04/23|a2c7ff7f3e8521ab6629bae40c260da6 (240x320)
Bubble Bobble Evolution|240x320|Minor issues|Works fine but can’t play audio/amr, although there are versions with audio in playable formats.|06/04/23|9ef5ea6974af01d21ea5715f1dcc1c9c (240x320)
Bubble Popper Deluxe|320x240|Perfect||06/04/23|bdb177aa529f182f2137d661856fd9b3 (320x240)
Bubble Revolution|320x240|Perfect||06/04/23|7259204ce319a0a8a5f0af828854e9a8 (320x240)
Bullet King|176x208|Perfect||10/30/24|217a22cb47dbd84c43d280cccb2ba7ef (176x208)
弾王2 (Bullet King 2, also goes by Dimensional Wing)|240x320|Perfect||04/21/25|c7811f49a12c5be9b15b10765b210aea (240x320)
Burning Skies|240x320|Perfect|Needs the "Immediate Repaints" compatibility flag and a 15fps limit|07/06/25|efa6f5275e6c8af41bf6dc452b85324c (240x320)
Call of Duty 2 – Stalingrad|240x320|Ingame|Reaches the menus, but it is impossible to play due to the lack of M3G support|06/04/23|cac2a5ad461420051d94810837ab6f78 (240x320)
Call Of Juarez|320x240|Perfect||06/04/23|35575ed8394ca068a20917e4282f450d (320x240)
Cannonball 8000|240x320|Perfect||11/22/24|89b3026316d18c6b2c651cb0cc982ca4 (240x320)
Cannon Heroes|320x240 (landscape 240x320)|Perfect||06/04/23|116c0662e94261b19d5e1174ba392b48 (landscape 240x320)
Cannon Rats|320x240|Perfect||06/04/23|017f0e57166e6bc0428d0fa444e799b4 (320x240)
Captain America – Sentinel of Liberty|320x240|Perfect||06/04/23|ef612e4dfcaebf72b38f5d54741a1389 (320x240)
Captain Galactic – Super Space Hero|320x240|Perfect||06/04/23|ac6a87f1c2b4e2239d7405c9c8a4ec50 (320x240)
Car Jack Streets|240x320|Minor issues|Almost perfect, can’t play audio/amr files|06/04/23|9b8d72af97bbf46f84d54a08960206ec (240x320)
Car Racer|96x65|Perfect||04/17/25|8f85cc188111de2ba9bfab00b8c4c611 (96x65)
Cars – Hotshot Racing|320x240|Perfect||11/16/24|4628f8b99da2385d5416151ec478728b (320x240)
Castle of Magic|240x320|Minor issues|Almost perfect, can’t play audio/amr files|06/04/23|ab8ab4fec457f166c3f4685e86c826b6 (240x320)
Castlevania – Aria of Sorrow|320x240|Perfect|Throws 'Canvas repaint(): Cannot invoke 'String.length()' because '<parameter1>' is null' when loading new areas, but gameplay is unaffected.|06/04/23|9daebbbb9afa7295c4a61aa8eb113eed (320x240)
Castlevania – Dawn of Sorrow|320x240|Perfect||06/04/23|fe42128b2aeddbf1738efdf2b4b090ee (320x240)
勇闯恶魔城-Konami正版 (Castlevania - Konami Original)|240x320|Perfect|Perfect despite throwing some issues with setCurrent(next) on the console, and needs to be limited to 15fps or else it runs too fast|09/17/24|2dae529b4d73b90a05a3126035efdd9b (240x320)
Castlevania – Order of Shadows|320x240, 240x320|Perfect||06/04/23|a7ed422dfb3ae69479a2a5c078b5d3c0 (320x240, 240x320)
Castlevania RPG (恶魔城RPG-血之召喚)|240x320|Perfect||04/16/25|869fe6d5f8d8bd352aa2a6e0127c9e20 (240x320)
混沌进行曲 (Chaos March)|176x208|Perfect||04/17/25|afc02529ef6d0d843eff7cfcb12aa354 (176x208)
Chase H.Q|176x208|Perfect||10/28/23|20e0913da326b6d0d57812815aad50b2 (176x208)
Chessmaster|101x80|Perfect||01/02/25|5c549448babf41f5ebb0f3f6b4962719 (101x80)
Chuck Norris – Bring on the Pain|320x240|Perfect||06/04/23|bfca2aac0535f9dbd276a3304c8f1c32 (320x240)
City Race|96x65|Perfect|Works fine, but input ingame is unconventional even with the correct control scheme.|04/17/25|9c5c698ef2a2bbe8a8a21590226e9481 (96x65)
ClickMan|176x208|Perfect||07/15/25|dde8c37d2832320aa7fb7b92ec463480 (176x208)
Clone 3D|320x240|Perfect|Console shows a few errors, but they have no effect in the game|06/04/23|472a8ec78298cf8812050cf15ae30d19 (320x240)
Cluster Pirate|96x65|Perfect||12/31/24|64ecc8b1a529b45caf8a1a7bcbaa8fb9 (96x65)
Colin McRae Dirt 3D|320x240|Ingame|Works fine up until the menus, then fails to load any track with multiple object array NullPointerException|06/04/23|60ca2b8b2c023cec4769b5ee49cf0ef1 (320x240)
Collider 4D|320x240|Perfect||06/04/23|07d9f245681a67e268212cb888fd3f6f (320x240)
Colorclash|176x208, 96x65|Perfect||02/23/25|968f88ef9ba75ce87eea141eccb7d8b8 (96x65) 404250ec2934e45d8a5dc268e7161080 (176x208)
魂斗罗 (Contra)|240x320|Perfect||07/06/25|960f63195fd743843496bda474394977 (240x320)
Contra 4|320x240|Perfect||06/04/23|e637a9caf4e58f5e55d328505f7dfa49 (320x240)
魂斗罗II (Contra II / Super Contra)|240x320|Perfect||07/06/25|92ab0fbc67a4aebd6f6ea8deee5b9d74 (240x320)
永远的魂斗罗 (Contra Forever)|240x320|Minor issues|Almost perfect, can't play audio/amr files. Also throws java.lang.NullPointerException on BufferedImage.getWidth(), but doesn't seem to affect gameplay|09/17/24|84e79cf9d63ecdc9c746b879739e66ff (240x320)
ContrTerrorism 3D|320x240|Minor issues|Works almost perfectly (complains about the lack of a player for audio/amr, possibly missing audio fx)|06/04/23|65dc7e926dcf992ac9f9e1a9bd24d304 (320x240)
ContrTerrorism 3D - Episode 2|320x240|Perfect|Console prints a few errors, but they have no effect in the game|06/04/23|e10be5e9e16183f916de6abdfa781435 (320x240)
ContrTerrorism 3D - Episode 3|320x240|Perfect|Works fine for as long as you can play it without hitting the In-App Purchase gate|04/16/25|edb9b6f7729b9bbc26521abbea9ecf66 (320x240)
Cops – L.A. Police|320x240|Perfect|There are some NullPointerException errors here and there but game is unaffected|06/12/23|7a996129f9174aacce444a634bc5db48 (320x240)
Cowboys and Aliens|320x240|Perfect||06/04/23|bae16f280206df61e69cafcede066bb4 (320x240)
Crash Bandicoot 1|96x65|Perfect||02/21/25|c050b7b46619f9406c0ea8c3357634d2 (96x65)
Crash Nitro Kart 2|240x320|Perfect||06/04/23|b4bc95f10820074eb78c362e360cb7d1 (240x320)
Crash of the Titans|320x240|Perfect||06/04/23|d95100d170b89a83eb52ee0d933b0b92 (320x240)
孤岛危机-热血勇士 (Crysis – Blood Warriors)|240x320|Perfect|Spams the console with text during gameplay|06/04/23|bb5e788c28c3989793b1a28989823820 (240x320)
Crystal Defenders|240x320, 320x240|Perfect|Title screen requires you to press Num 6 on your numpad instead of Num 5.|06/04/23|9bb52022938073b7094fa6e60f3d6fa0 (240x320, 320x240)
CS反恐-穿越火线 (CS Counter-Terrorism - Cross Fire)|240x320|Perfect||01/21/24|25e777f7c44c584cc733c94a2d69495f (240x320)
CS反恐特警真3D版II (CS Counter-Terrorism Special Police Real 3D Edition II)|240x320|Perfect||09/04/25|0c89aa56a1ce9491cb3f1cb44c663034 (240x320)
Cybores|96x65|Perfect||02/22/25|25ea38bdbd4d2790350523f8a63e53f2 (96x65)
댄스배틀오디션 (Dance Battle Audition) [SKT SK-VM]|240x320|Minor issues|Has audio issues, and some minor graphics bugs|07/21/25|b812dda06a8aa6c379b936a2a322136f (240x320)
Dance Dance Revolution [I-Appli]|240x240|Minor issues|Has some audio issues|09/04/25|df856efc38c6173435ebb68a0a19f3e3 (240x240)
Dangerous Roads|101x80|Perfect|Requires the Siemens Control Scheme, and a lock to 15fps|05/14/25|8d9a2d0b60e90540baa23bfb1d0673f5 (101x80)
Danger Dash|320x240|Perfect|Almost perfect, can’t play audio/amr files. Runs too fast if not limited to 60 or 30fps.|11/16/24|186c2e0d3c6e756954e4aa1f14884791 (320x240)
Dark Emperor|96x65|Perfect|Tries to fit a little too much into the 96x65 frame, but can be played fine (Aside from the army soldiers that I haven’t managed to recruit in any J2ME emulator due to a “LIMIT” string preventing me from doing so).|04/29/25|ec08084019b1e6b6eda8f52bd79afbb1 (96x65)
Darkest Fear|240x320|Perfect||09/20/24|5de628a776c14e1ba36561257ee4e04e (240x320)
Darkest Fear 2 – Grim Oak|240x320|Perfect||09/20/24|4173444fca301c97e81254edd7ab0e2c (240x320)
Darkest Fear 3 – Nightmare|240x320|Perfect||09/20/24|2ba0d093f61f9fdad61fab91e5870f71 (240x320)
暗黑聖域 (Dark Sanctuary)|176x208|Perfect||07/05/25|81f05aa5814ebccbac06ba2bba40f4ad (176x208)
Darude Highway Racer|101x80|Perfect|Requires the Siemens Control Scheme, and a lock to 15fps|05/14/25|43850e574b6261045c9cde1e47b3d9fd (101x80)
死亡弹幕 (Death Danmaku)|240x320|Perfect||09/22/25|8743e9ed4fb8c88fc5e2cf1b5b73772e (240x320)
생존일기 (Death Game/Survival day/生存日記) [SKT SK-VM]|240x320|Perfect||09/22/25|d7ae516d8abac949f5207cf928edde62 (240x320)
Death Race|240x320|Perfect|Some ADPCM streams crackle sometimes due to malformed header blocks|12/02/24|164467fe4f1cb2448a03baa85698072b (240x320)
Deep – Submarine Odyssey 3D|240x320|Ingame|Gets to the menus but doesn't render any 3D elements, also complains at the lack of a player for audio/amr (MascotCapsule V3 engine)|06/04/23|633c6794ca94c4d70d8bc37cbb8c4d1e (240x320)
Delta Force|240x320|Perfect||06/04/23|1cbcc4098e9f498f876020bddd720ff0 (240x320)
Demolition Derby|320x240|Perfect||06/05/23|ce716529362957f35dedde838787021d (320x240)
屠魔战记 (Demon Slayer)|240x320|Perfect||06/04/23|16cbdde6929993fce517fec410ccf374 (240x320)
Detonate!|128x128|Perfect||12/01/24|f8a4de1b7c55f9996d87a8f78800eee0 (128x128)
Devil Hunter X|240x320|Perfect||01/21/24|8fceb2c9e646baf43266a5b4846f7d49 (240x320)
Diamond Tumble|240x320|Perfect||09/04/25|683f895da08b05f0cb372d04c768a2c8 (240x320)
Die Hard 4.0|240x320|Perfect||10/20/24|34cc81febbd687a89f22c12a5ff66f41 (240x320)
DJ Hero Mobile|320x240|Perfect||10/09/24|84c8fb200a1c289b7b2e102f3f201298 (320x240)
怒首領蜂[TRIAL] (DoDonPachi Trial) [I-Appli]|240x240|Minor issues|Has some PCM audio issues|09/04/25|04f8cef5fe6570c045a2882981b27164 (240x240)
Don't Pull|240x320|Perfect||09/04/25|c73bc0c1d40fae79ea4c4039b9b70b83 (240x320)
Doodle Escape|320x240|Perfect||12/01/24|2360e1506ece8e24382f989decf62e7b (320x240)
DOOM II RPG|240X320|Perfect||10/15/24|9753ab5cb2676dad57ff0b0b6343b0ad (240x320)
DOOM RPG|320x240|Perfect||06/04/23|f35b3eccb16ed859c1ee4131f95844e5 (320x240)
Down|128x128|Perfect||02/23/25|0f87ef0dabb78792503b3faf574a887a (128x128)
Dragon Ball RPG (Trial) [I-Appli]|240x240|Playable|Background tiles update incorrectly when moving horizontally, and has some PCM audio issues|09/04/25|d6d073696f485ea14a85938d6b350788 (240x240)
Dragon & Dracula|101x80|Perfect|Requires the Siemens Control Scheme, and a lock to 30fps or less|05/14/25|7fe64e38a5b695c6d6c5b56650048ac1 (101x80)
Dragon & Jade (龍玉偵探社)|240x320|Perfect||05/18/25|c66f05251c86e0d9caa69f5dde413212 (240x320 CN)
龙之刃-暮光传奇 (Dragon Blade – Twilight Legend)|320x240 (kinda)|Perfect|Runs too fast if not locked to 60fps.|06/04/23|8f2fb0bef046a1afcd4f3f9e8ac62bf1 (320x240)
Dragon Crystal|240x320, 176x220|Perfect||11/19/24|ac2831a57b3cf1b2e99253bdd96eeeb2 (240x320)
Dragon Island|240x320|Perfect||07/10/25|2d0d386421c693a6cfeddb9a5c85b296 (240x320)
Dragon Mania|240x320|Perfect||07/05/25|c66f05251c86e0d9caa69f5dde413212 (240x320)
龙魂传说 (Dragon Soul Legend)|176x208|Perfect||07/05/25|d4bce5313d5d6d4b850493bac8a994fe (176x208)
龙极神器-噬魂 (Dragon Ultimate: Soul Eater)|360x360|Perfect||07/05/25|165be765ce1768fbe0b9ea25221355cb (360x360)
Drakengard|176x208|Perfect||07/05/25|91fa89abdd42c4b24345527f3b0b73ed (176x208)
紅樓夢 (Dream of the Red Chamber)|176x208|Perfect||07/05/25|a3d8f967dbd8bcf0d539b940d05e43b9 (176x208)
Driver L.A. Undercover|320x240|Perfect||06/04/23|d04b7893cb3a340394a339289bb7c348 (320x240)
Driver San Francisco|240x320, 320x240|Perfect||06/04/23|fad2b6b72bf710854706ea7b46becb98 (320x240)
Duke Nukem 3D Mobile|240x320, 320x240|Ingame|Works fine until it gets into the actual game. Nothing except duke’s hand is rendered. Can’t play audio/amr files|06/04/23|17a41ae3f6c41ac80b00f613d5eb42e4 (320x240)
Dungeon Hunter 3|320x240|Perfect||06/04/23|0e9a629ce4800f6b350ad3ffeb864ef5 (320x240)
Dungeon Hunter – Curse of Heaven|320x240|Minor issues|Almost perfect, can’t play audio/amr files|06/04/23|9fda006127b62e427989da9323264916 (320x240)
Dynamite Fishing Gold|240x320|Perfect||07/05/25|b70f7f91c2add9300a042f8c24812fb7 (240x320)
Earth Invasion|96x65|Perfect||12/07/24|4d28ecc4d22a1e3c897ab09397e168de (96x65)
EDGE Extended|320x240|Perfect|Touch gestures work just like the Android/iOS version, despite this jar being tailored for the Nokia C3-00|12/15/24|2a95cbbb259b4c4c788bc0b7ecb4b5af (320x240)
Elven Chronicles|320x240|Perfect||06/04/23|e0c27a6047c1f6e33a7cff1acf15c2df (320x240)
ｴｽﾌﾟｶﾞﾙｰﾀﾞⅡ[TRIAL] (Espgaruda II Trial) [I-Appli]|240x240|Minor issues|Does not render 3D primitives (completely trivial to gameplay), and has PCM playback issues|09/04/25|9fbc6113ae1f0559f7bd13b11e3c016f (240x240)
EXERION DX [I-Appli]|240x240|Perfect||09/04/25|bc4afc400e8261cb6fc8759fe743d5b9 (240x240)
Extreme Motorbike|240x320|Perfect||10/12/24|5b814f04dcf9705fe5f710de004fcb8d (240x320)
F.E.A.R. Mobile|240x320|Perfect|Perfect as long as you limit the game to 60fps or less, otherwise gameplay will be faster than normal|06/04/23|205f0d66036cc59aa6179258d602004e (240x320)
F-22 Raptor|240x320|Perfect|Fails to load some Image Streams (doesn not affect graphics whatsoever). Needs a 60fps limit|01/21/24|498d28c64e982b71fdab22254ec4f027 (240x320)
仙劍情緣 (Fairy Sword)|128x128|Perfect||07/05/25|0b24591bd93270668d01e19ebedd0a89 (128x128)
Fallout Mobile|240x320|Perfect||09/25/25|279340d431641188c8557ca5bf7a6d17 (240x320 CN)
Fantasy Warrior|101x80|Perfect|Requires the Siemens Control Scheme, and a lock to 60fps to even boot (works best at 15fps)|05/14/25|8377a41b83ff1f3ec31604645654b5c1 (101x80)
Fantasy Warrior Legends|240x320|Perfect|Benefits from a 60fps cap|06/04/23|cc04e667427ae85590711f7d54d6ee61 (240x320)
Fantasy Zone|176x208, 128x128|Perfect||07/16/25|11148fd7a158d3ddd81144349fbc9c97 (176x208) e5d69795cc61572e44c0b850ed476e52 (128x128)
Far Cry 2|320x240|Perfect||06/04/23|bb3be3a129b478789d6d14cf57208ec5 (320x240)
Farm Frenzy|320x240, 640x360 (touch)|Perfect|640x360 version is not rotated and actually needs to be set as 640x360|06/04/23|e431d02299ed055bcd904fb897019f2b (320x240)
農場大亨 (Farm Tycoon)|240x320|Perfect||09/25/25|6b77e5bcc709098fb28630c8cfdb64ed (240x320)
Fast and Furious 6|240x320, 320x240|Perfect||06/04/23|84b5de959b58f467256b389b862051e8 (320x240)
Fast Five The Movie - Official Game|320x240|Perfect||06/04/23|5512422f8986411bfb140271421a1a0f (320x240)
Ferrari GT 2 – Revolution|240x320|Perfect||06/12/23|66af01c0abbaab642c77d19d5fb6c720 (240x320)
Ferrari GT 3 – World Track|240x320|Perfect|NullPointerException’ and ‘NoSuchMethodError : io.Connector.open’ on console at the start but doesn’t affect the game.|06/12/23|fc8c50c2f506131f4cfcd02ef8d834b1 (240x320)
Ferrari GT – Evolution|240x320|Perfect||06/12/23|d74225f1c7910df0765fde6a77786a52 (240x320)
Ferrari World Championship 2009|240x320|Perfect||10/01/24|6b3367c149bc719dc4c8e707c0da7585 (240x320)
FIFA 2003|101x80|Perfect|Requires the Siemens Control Scheme, and a lock to 30fps or less|05/14/25|c286239408b7486b97759889e9b4a8f9 (101x80)
Final Fantasy I [I-Appli]|240x240|Ingame|Goes ingame but rendering freezes at the title screen|09/04/25|5410362bcd1c098245e6999b814fa722 (240x240)
Final Fantasy II|240x320|Perfect||06/04/23|1d98b18828254afa8d6d48d79d7a567a (240x320)
鮫!鮫!鮫! (Fire Shark)|240x320|Perfect||07/05/25|9d5897017ce2b42ff1a255279c56e422 (240x320)
怒火之拳(街机经典) [Fist of Fury (Arcade Classic)]|240x320|Perfect||11/02/23|e653a4aeefce38d853a4382b5ca8a809 (240x320)
拳霸天下2-功夫之王 (Fist of Fury 2 - King of Kung Fu)|240x320|Perfect||01/23/24|05cbd685740ee042a1d3463add0b2a40 (240x320)
Flatout 3D|320x240|Not booting|Crashes on boot with a StackOverflowError on lcdui.Display.setCurrent(), probably because it uses m3g and it interferes with lcdui to some extent|06/04/23|99d5884b06bf47e118255641f7610cbd (320x240)
Flowhex|240x320 (touch)|Perfect|Throws some 'Couldn't Load Image Stream' messages at the console, Setting the Nokia 6280 (240x320) version to its correct res has it rendering everything it should, and touch is also supported.|10/01/24|ad5d1a3d3867d95ee03ecea03506ce67 (240x320)
Flow Lines HEX|360x640 (touch)|Perfect|Fails to load a few Image Stream objects, but there’s no effect on the app|06/05/23|5476b4f9a03aaf8b5ee0a46dab9b5f12 (360x640 touch)
Flynn's Adventures|176x220, 128x128|Perfect||06/26/25|184d3af8241f18119dd91df564af6afa (176x220), 4bf2cdac6f6798cdfcad65210342db29 (128x128)
疯狂坦克-ZIO (Fortress)|176x220|Perfect|Works fine. A small texture rendering is misaligned.|07/05/25|b964e220809bc93161fc5156bc3eabd7 (176x220)
Foto Quest Fishing|240x320|Perfect||06/06/25|5b1567ca375ea7f5661618a0c4401eb6 (240x320)
Freestyle Motocross IV|320x240 (touch), 240x320 (touch)|Perfect|Also supports non-touch inputs|06/04/23|17f73dd2079e111f9d6f74db2e60343e (320x240 touch, 240x320 touch)
Fruit Cutter 3D|640x360 touch|Perfect|640X360 is not rotated.|04/12/25|564376a986288081d73671f7d61f7a05 (640x360 Touch)
G.I. Joe – The Rise of Cobra|320x240|Perfect||06/04/23|2c35849a9f7b75e462d1f38e7cb5e0b3 (320x240)
Galaga 3|240x320|Perfect||12/02/24|b387b3ca5543b0706741021615320459 (240x320)
ｷﾞｬﾗｶﾞforﾓﾊﾞｹﾞｰ (Galaga for Mobage) [I-Appli]|240x240|Minor issues|Requires "DoJa-3.5" API level for proper BG graphics, highscore upload screen renders incorrectly|09/04/25|d84ee70a5155c0ac6a17ee7f6b2b48d8 (240x240)
Galaga X|240x320|Perfect||06/04/23|e22e0ef69e06a7dd39a739bd78497b63 (240x320)
ギャラクシアン (Galaxian) [I-Appli]|240x240|Perfect||07/26/25|a846653e865a4a0c7762ae804f734c44 (240x240)
Galaxy on Fire (3D)|240x320|Ingame|Gets into the menus, but even that is followed by many render glitches. 3D objects do not render (MascotCapsule V3 engine)|06/04/23|1869a7516f40859dd2206bb2deca2d76 (240x320)
Galaxy on Fire 2 (3D)|240x320|Ingame|Works well up to the menu, then doesn't render 3D objects (MascotCapsule V3 engine)|06/04/23|2aa3dc73a6b3ba5c1d308d6727fb5ead (240x320)
Galazer Deluxe|320x240|Perfect||11/16/24|043e7a09a0434ffe9b86ee82ce698ad9 (320x240)
ゲームショップ物語 (Game Shop Story)|240x320|Perfect||05/18/25|438cface83f48dc4fb7db52ec5270d8b (240x320)
ギャング弾 (Gang Bullets) [I-Appli]|240x240|Perfect||09/04/25|e59ccbc9da8b8395ea2f994251261067 (240x240)
ギャング弾-2nd- (Gang Bullets -2nd-) [I-Appli]|240x240|Perfect||07/29/25|24d090dca2a3b073a317849eb77b76c5 (240x240)
Gangstar 2 - Kings of L.A.|240x320|Perfect|240x320 is perfect, 320x240 crashes trying to load the map, but it does that on basically all of the emulators i tested.|06/04/23|292a152047cb069836952ba038a7a454 (240x320)
Gangstar 3 - Miami Vindication|320x240|Perfect|Spams the console with 'm_cheat:' followed by the five last movement keys pressed.|06/04/23|a7b2b791c2b5b0fe598abeaf7915da78 (320x240)
Gangstar City|320x240|Perfect||06/04/23|cca78a60f24abfe73455899313115f6c (320x240)
Gangstar - Crime City|320x240|Perfect||06/04/23|bbbd308ed3165751264f4028eab18b82 (320x240)
Gangstar Rio - City of Saints|320x240|Perfect||06/04/23|a188eb697a0b38ace514c8f5a74da2c9 (320x240)
ギャプラスforモバゲー (Gaplus for Mobage) [I-Appli]|240x240|Perfect||09/04/25|3a3b5115e7dbd7fb49731ce82a3097f1 (240x240)
Garfield’s House (Trial)|176x208|Perfect||06/13/25|0eb98b0884a333ef7142ae38809d9fcc (176x208)
Garfield 2 – Royal Adventure|240x320|Perfect|Works perfectly with a 60fps lock|05/13/25|6e5ddf3d3cbef5767979d3f30ac0ffe1 (240x320)
G Gundam Fighting|240x320|Perfect||09/04/25|964260372243375f540e13f7629d20d5 (240x320)
鬼眼法师 (Ghost Eye Practitioner)|176x208|Perfect||05/18/25|481cf18bfb91ac74de9c22c545f23ac0 (176x208)
Ghost Force|240x320|Perfect||06/04/23|0183212225a9fba87c9e12d515918d3a (240x320)
Ghouls and Ghosts|240x320 176x220|Perfect||09/25/25|6ba12e3ef176c2d3ca83d868c9e5ff65 (240x320) 47edfe37a2ffc4097a7adb9368644918 (176x220)
Glider|128x128|Perfect|Needs a limit of 30fps otherwise will have performance issues|02/23/25|1bd3c5ab7d7f6be28d462408abb383dc (128x128)
Global Grand Prix|96x65|Perfect|Perfect when limited to 30fps.|12/07/24|eb20cacb601f8df08c1a0075031d607c (96x65)
女娲传说 1 (Goddess 1)|176x208|Perfect||05/18/25|bc452d2ec685a167a3980ee4fce45e7c (176x208)
女娲传说 2 (Goddess 2)|176x208|Perfect||05/18/25|2aa0c6b85e07ae515b61bd736cef4c76 (176x208)
女娲传说 3 (Goddess 3)|176x208|Perfect||05/18/25|762bf961875d649a5e5279cabe7da044 (176x208)
God of War - Betrayal|320x240|Perfect||06/04/23|8d41f9d98b3c6c1afaa1e5517f854072 (320x240)
神魔争霸之炎黄至尊 (Gods and Demons of the Inferno Supreme)|240x320|Perfect||06/04/23|4fe17d1d4e88d101958b5c92b8caae23 (240x320)
Goofy Fishing|320x240|Perfect|In-App Purchase to unlock full game is bypassed.|07/14/23|7dcb8a8e31e0c1eb70c2aa93c6a6f2d7 (320x240)
Gorilla Rampage|320x240|Perfect||06/04/23|8f304a193c50e50213b6820c8b1bb0a0 (320x240, 240x320)
Gradius|176x208|Perfect||06/13/25|415c3ffa502b1f85f07ea69f283c4664 (176x208)
GRADIUS 2 MSX [I-Appli]|240x240|Perfect||07/27/25|7d65eda22bf42615e0e2357442a6a50c (240x240)
GRADIUSIIﾊｲﾗｲﾄ編 (Gradius II Highlight Edition) [I-Appli]|240x240|Perfect||07/27/25|d520e5278e77ebc6d9b2fda23d60de9b (240x240)
Gradius Neo|176x208|Perfect||05/13/25|9a537af4b86520ebae17ca5b9a74ccb2 (176x208)
Gradius Neo [I-Appli]|240x240|Not booting|Freezes at the start with a blank screen|07/25/25|fa2efd6228ce612ac417f2ab6512bd77 (240x240)
Graviton|176x208|Perfect||06/14/25|29ca1eee672c342a6f0305b6f1a83007 (176x208)
Gravity Defied Lineage|240x320|Perfect|Throws 'Canvas repaint(): Cannot read field 'case' because 'this.c' is null' but gameplay is unaffected|06/04/23|9d87fe8cc4239885c31e9b0290a78339 (240x320)
Great Legends: Robin Hood|240x320|Perfect||09/30/24|278fe2176ebc2b51c5dfbd3a228d40e1 (240x320)
绿色突袭 (Green Beret)|176x208|Perfect||07/06/25|1081307f6a2ca70b8660b7717d81cd2b (176x208)
Green Farm|320x240|Perfect||06/04/23|2eedbcca0ecacd808f88fa346f7de223 (320x240)
玩转格林岛 (Green Island Story)|176x208|Perfect||09/25/25|b8c8956a27b27e26b9bd40f9fdff8b1e (240x320)
GT Racing 2 - The Real Car Experience|320x240|Perfect||06/04/23|223ad14f563ab302dc40ceb84a167d6b (320x240)
GT Racing Motor Academy|240x320|Perfect||06/04/23|eed61e2d1c0ed75ee6ebc33b1254b95c (240x320)
Guitar Hero 6 - Warriors of Rock|320x240|Perfect||09/20/24|351f63126e447c5e12c103a33685a811 (320x240)
Guitar Hero III|320x240|Perfect||06/04/23|c405f751b3f951d015d0033321815169 (320x240)
Guitar Legend - Get On Stage|320x240|Perfect|Uses the Nokia Keyboard control scheme|06/26/25| fd123b9240886f50d0bf8ccecaf713d6 (320x240)
Guitar Rock Tour 2|240x320|Perfect||06/12/23|60641c4707127d5b4584be94474a114c (240x320)
Gunbird|240x320|Perfect||06/05/23|d0eb3281df043c1d1f1f8d7cc56362e9 (240x320)
Gundam - Ace Pilot|240x320|Perfect||09/04/25|101ab4aea40ae572de8214fbb21dbaf4 (240x320)
Gun Fever|240x320|Perfect||06/12/23|850c302b51de42d43ea8d0ae5d6f58f8 (240x320)
Guns N' Glory|320x240|Perfect||06/04/23|5182a6da5496f739fb4eff108b14d9cc (320x240)
Guns Wheels and Madheads |240x320|Not booting|Fails to boot with InvocationTargetException on java2D classes, albeit both this and its sequel  use M3G|08/28/23|e5a95c4a1a2899c914de14ee64f4eeb8 (240x320)
Guns Wheels and Madheads 2|240x320|Not booting|Fails at boot with StackOverflowError on some java2d classes, followed by many Canvas.repaint() errors, probably because it also uses m3g|06/04/23|3cca76d0b386b8fede473be07f9f936b (240x320)
Harry Potter And The Deathly Hallows Part 1|360x640 (touch)|Perfect|Renders at half res then gets scaled to the phone’s native res, which means that 180x320 has to be set.|09/29/24|5ab216a5b3e028caab2a63def4232e83 (360x640 Touch)
Harry Potter – Find Scabbers|176x208, 96x65, 128x128|Perfect|Motorola 176x208 cannot select non Time-Trial levels but others work fine. Switch the control scheme appropriately, as they all need their specific layouts (Motorola uses the Motorola V8 Control Scheme)|02/22/25|c1ad5ffb72c601e2ee41c4856d39425b (motorola 176x208) 5c1ab84613bf0daad0f8febe0110423c (nokia 128x128) d637870a29943d75033de0113720e3cd (nokia 176x208)
Hell’s Pit|101x80|Perfect|Requires the Siemens Control Scheme|05/14/25|7141b6f62037d3466c5bb9720e66cfe4 (101x80)
Heroes Lore - Wind of Soltia|240x320|Perfect||05/13/25|effe7386b9cf98755f0b9196d29439bd (240x320)
Heroes Lore - Zero|320x240|Perfect||06/04/23|a57f94f5f4747e265ced3b548f68e0f0 (320x240)
Heroes of War – Nanowarrior 3D|320x240|Ingame|Menus work, crashes with ArrayIndexOutOfBounds errors on Canvas.repaint when trying to load a map. Like the other Heroes of War entry, uses M3G.|10/09/24|c1ece83c6680c09f05410824d1cb369e (320x240)
Heroes of War – Sandstorm 3D|240x320|Ingame|Menus work, crashes with many m3g.World.find(int) errors after selecting a mission|06/04/23|b2fec368fec7ade5f1e1805e0500d980 (240x320)
Hero of Sparta|320x240|Perfect||06/04/23|cfb53ecb0fa954297ad69feec8205b71 (240x320)
Hertz Smasher|240x320|Perfect||08/02/25|23ad24ee36a1acea9cf7c4b6bec070c0 (240x320)
High Speed 3D|320x240|Playable|Works and can be played fine (albeit with smaller graphical issues) if Graphics are set to medium or low.|04/19/25|3ae808fef4c1c6e7d7a579bf3ba0ac17 (320x240)
苍穹录 (History of the Sky 1)|360x360|Perfect||09/22/25|ceadc6af3a009ffd48f3ad64ed4e86cf (360x360)
傲神-风流至尊 (History of the Sky 2)|360x360|Perfect||09/22/25|39c3825c883f4561209cc40b668be268 (360x360)
Hokey Pokey|96x65|Perfect||02/23/25|d9fce13bf297703cb1c11988b939cd53 (96x65)
圣光启示录-龙之力量 (Holy Light Revelation – Dragon Power)|240x320|Perfect||10/09/24|e7a7b34cc3e1a631540412424014e80c (240x320)
Holy Wars – Sons of Enoch|320x240|Perfect||06/12/23|0b660e81732f5b57e476186d6c992137 (320x240)
House M.D.|240x320|Perfect||12/31/24|821f1c140b17985b0d1c2087bf012118 (240x320)
Hoverball|96x65|Perfect||02/23/25|01b030d576e6106641945e8b62e7e6d4 (96x65)
Hyper Blocks Breaker|240x320|Perfect||10/09/24|8f91411f21e23946cb52ac5f29244c61 (240x320)
Ice Age|96x65|Perfect||04/12/25|44484b88f0aa45f85d53ef7112a9b815 (96x65)
Iceblox|96x65|Perfect||06/14/25|5caa3ddb78ddc0b9bec9b250701a0230 (96x65)
Impossible Mission|128x128|Perfect||04/29/25|4c8d38afc26654061c5e18ddc912fff5 (128x128)
Iron Man 2|240x320|Perfect||01/22/24|eca7bda90d3cbcfadc13a5c748aec5f2 (240x320)
Iron Man 3|240x320|Perfect||01/22/24|fd3b9c4184b34ad036922deeac96e8cd (240x320)
赤色要塞 (Jackal)|240x320|Perfect||07/06/25|07a86d70a5da97cce0e15cdc2cc3be8a (240x320)
JAMDAT Air Hockey|240x320|Minor issues|Almost perfect, can’t play audio/amr files|11/13/24|fce2a9c900d123841b8b4bd8d1ce7974 (240x320)
JAMDAT Solitaire Deluxe Demo|240x320, 176x208|Perfect||11/13/24|b8cae5bd2734e4f3e152e7c699bf4f5a (176x208) 466fccb033d496508bc8b7105206db4e (240x320)
Jet Boat 3D|320x240|Not booting|Freezes on the start logos, spams many Unknown Source errors at lcdui.Canvas.repaint(), notifySetCurrent() and setCurrent(), probably because it uses m3g|06/04/23|30e065d377a553504ac7af40fa8783de (320x240)
Jet Pack Dash|360x640 (touch), 320x240 (touch)|Perfect|360x640 has to be rotated in gameplay, but not in the menu|11/19/24|A5aebcfb671c4d9c51930684d41ee012 (320x240) 63b82f2f737f9060e9474d554fa4284c (360x640)
Jet Set Racing|240x320|Perfect||10/23/24|31a8d4edab7641ab5d0c19735c3d167d (240x320)
江湖1 (Jianghu 1)|176x208|Perfect||07/05/25|f1f61a61bdb396060081c2590ffc3b70 (176x208)
江湖2 (Jianghu 2)|176x208|Perfect||07/05/25|826c1e3a5faada6f219d30c0c73d0ba6 (176x208)
江湖霸道记 (강호패도기/Jianghu Supremacy)|240x320|Perfect||07/05/25|ba8981f38a67ee333de241ff03d0e287 (240x320)
江南 (Jiangnan)|176x208|Perfect||07/05/25|bc641f18b8ec54d8e3b28b32ee8ba2fa (176x208)
Johnny Bravo: Big Babe Adventure|240x320|Perfect||09/25/25|3c11138ee61e73df7276d8986ec2bb1b (240x320 CN)
Johnny Crash |240x320|Perfect|Perfect after being limited to 60fps|10/12/24|537430e700a09ff60af761dc8e754da4 (240x320)
Johnny Crash Does Texas|240x320|Perfect|Works fine once you limit it to 60fps.|06/04/23|d2c978b8f14dd747ed2e91c598f4d6bf (240x320)
Jumping Jack|96x65|Perfect||04/17/25|128b65ce34c40c889223ad145d3c8a13 (96x65)
Jungle Commando|101x80|Perfect|Requires the Siemens Control Scheme and a lock to 30fps or less|05/14/25|4863a9a932cfb96e423f276c61ea9273 (101x80)
Jungle Twister – Puzzle Expedition|240x320, 320x240|Perfect||06/04/23|8dd0b7279532e762b9a341586f23cb7d (320x240, 240x320)
Jurassic Park|320x240|Perfect||12/29/24|8a9e5962bb9a34c1c799f5451575830c (320x240)
Kamikaze Robots|320x240|Perfect||06/04/23|df487054a4909f106fb68c2591e1e699 (320x240)
KaoChase|96x65, 128x128, 176x208|Perfect|Once set to their expected resolutions 96x65 and 176x208 work fine, 128x128 has deeper device checks (checks how many colors the display supports) and throws a warning that the game "wasn't made for this device"|06/13/25|20478024c4c313b5747e3f3ff53ee45f (96x65), 3421b431ce5d6f1d2c756427915cd96c (128x128), dd7ac93c287e801c022aa0ac55e9c283 (176x208)
KHﾊﾞﾙｰﾝｸﾞﾗｲﾀﾞｰ (Kingdom Hearts - Balloon Glider) [I-Appli]|240x240|Perfect||09/04/25|d125487a2e301a56c20d7fdbd4b00b11 (240x240)
KHｸﾞﾐｼｯﾌﾟｽﾀｼﾞｵ (Kingdom Hearts - Gummiship Studio) [I-Appli]|240x240|Minor issues|Has some PCM playback issues|09/04/25|161059dd6036152d1e634508b5e5b12a (240x240)
KHﾏｼﾞｶﾙｷｬﾝﾊﾞｽ (Kingdom Hearts - Magical Canvas) [I-Appli]|240x240|Minor issues|Has some PCM playback issues|09/04/25|dc1f24003e45fcec09773e281b546c2a (240x240)
格斗之王2街头拳霸 (King of Fighters 2 Street Fighter)|240x320|Perfect|Apparently fails to load some image streams… no graphics data seems to be compromised|01/23/24|e107afd8db22460af45da13f52b43373 (240x320)
ｷﾝｸﾞ･ｵﾌﾞ･ｷﾝｸﾞｽ (King of Kings) [I-Appli]|240x240|Minor issues|Has some PCM playback issues|09/04/25|70996978b85bf7a7a8c612ff8a58c0f9 (240x240)
Knight Tales – Land of Bitterness|240x320|Perfect||02/22/25|d4300368afe3815818722c9673ece3ae (240x320)
ｺﾅﾐﾜｲﾜｲﾜｰﾙﾄﾞ(Konami's Wai Wai World) [I-Appli]|240x240|Perfect||09/04/25|aff1995183277a6493f4d3fd9e03f420 (240x240)
功夫 (Kung Fu)|176x208|Perfect||07/05/25|31cb7925971bb20c33a3e956043c20cd (176x208)
Lemmings|240x320|Perfect||08/01/25|340c84d3b988c2a469d0c5b659ea9e90 (240x320)
Light Cycle|101x80|Perfect|Requires the Siemens Control Scheme|05/14/25|08c89d0ede773d122b3bec553b1938a1 (101x80)
闪电战机-雷霆出击 (Lightning Fighter - Thunder Attack)|240x320|Perfect||07/23/25|40cf78247a9dd0b7d9b2bbdc8fc7ec2f (240x320)
Lightning Fighter 2|240x320|Perfect||06/11/25|3766173af26db5f9eba450d07f7e26fc (240x320)
Liquidator|240x320|Perfect||06/04/23|dee95e4398a42cff413ea6ca614f7679 (240x320)
Liquidator 2|240x320|Minor issues|Almost perfect, can’t play audio/amr files|06/04/23|b3679b217e782facfd12e274a7be7cda (240x320)
Little Big City|240X320|Perfect||11/16/24|474675f9720cd4afcf0db3aeeb7688d7 (240x320)
Little Big City 2|240x320|Perfect||11/16/24|b8c5f9919cbec30a27467e0ce12c3d7d (240x320)
Live Free or Die Hard – The Mobile Game|320x240|Perfect||06/04/23|253496800856bfc115d4d43d41f12ff3 (320x240)
LOST|240x320|Perfect||09/04/25|3d85b16a8fedd2b6e16361e2aee9b6b9 (240x320)
迷鎮-逝去的記憶 (Lost Town)|360x360|Perfect||07/05/25|4b6016379b93614c6f22606c79779c04 (360x360)
Love a Lemming|240x320|Minor issues|Cannot play audio/amr files, needs the Motorola V8 Control Scheme|09/25/25|71016a8222980793ddb1f9bbba66dbff (240x320)
魔兽网恋 (Love in WOW)|176x208|Perfect||04/16/25|8e416829c7306c305b5f85f99558072b (176x208)
魔法波動拳 (Lucky Punch: Magic)|176x208|Perfect||07/05/25|b5d1c048fece0e5b738b1d4bd8b6930a (176x208)
新春发财拳 (Lucky Punch: New Year)|176x208|Perfect||07/05/25|6aebd6854cf00ad43df769c6d79152f4 (176x208)
Lumines - Block Challenge|352x416|Perfect||06/04/23|026b8e845237362f625e93453958d248 (352x416)
M.A.C.H. Air Combat|240x320|Perfect||06/10/25|a6f46f3b528c688ad28435a9646b8fef (240x320)
Mafia Wars – New York|240x320, 320x240|Perfect||06/12/23|ba2c69bfab5386a061a6a901cc072f90 (240x320, 320x240)
魔法双子星 (Magic Gemini)|176x208|Perfect||05/18/25|4d24120cc68e6e8f8db2fd5e2a4680ae (176x208)
Manic Miner|96x65|Perfect||06/26/25|65bfb1f160223ce6c00934f4f234696b (96x65)
메이플스토리 (MapleStory) [SKT SK-VM]|240x240|Minor issues|Has audio issues|07/21/25|8c6522d557c84e85ba078ad79a3c07c2 (240x240)
Mappy [I-Appli]|240x240|Playable|Has a tendency to freeze, needs a lock to at least 30fps|09/04/25|05425e41fdcc763087f61e283a690484 (240x240)
マッピーforモバゲー (Mappy for Mobage) [I-Appli]|240x240|Minor issues|Flickers from time to time, needs a lock to at least 30fps|09/04/25|ba0ad1875b19e427fc923a22d9ffdf00 (240x240)
Marcel Desailly Pro Soccer|96x65|Perfect||09/25/25|ec0e3f3584ab63f6544748e33db32151 (96x65)
迷城·潜伏·狙杀 (Maze City·Stealth·Sniper Kill)|240x320|Perfect||07/05/25|1e2112522adb6db482c881e9dd71c24e (240x320)
Medal of Honor|240x320|Perfect||06/06/25|d572b1df8c187b43a712e57c0f635703 (240x320)
Medal of Honor 2010|240x320 (touch)|Minor issues|Can’t play audio/amr files.|01/21/24|6220002d9ea2f3209315b3cd0330ad58 (240x320 touch)
Medal of Honor Airborne 2D|240x320|Minor issues|Almost perfect. Complains about the lack of a player for audio/amr|06/04/23|3b10561aa3c59b23a29f2f621478a141 (240x320)
Mega Tower Assault|240x400 (touch), 480x800 (touch)|Perfect|480x800 version needs rotation|06/04/23|10a38be902d96eb4568bf72619cdeb20 (240x400 touch) df25fb6916ad50ab91171d2fdc90a37e (480x800 touch)
Men in Black 3|240x320|Perfect||06/04/23|b4216866a912e271c3cb1149dfa0025d (240x320)
Mephisto|240x320|Perfect||07/29/25|b9f17d169bdb9e755d1e98a2826b9b48 (240x320)
潜龙谍影 (Metal Gear)|240x320|Perfect||07/06/25|07cc6a68e6fc4cf2a125878969289432 (240x320)
Metal Slug – Mobile Impact|240x320|Perfect||07/16/25|184b9814ad112fb5608ed164b9de9ff1 (240x320)
流星蝴蝶剑（电影正版) (Meteor，Butterfly And a Sword (movie original))|240x320|Perfect||07/23/25|f05abb65ae850def116eb39bbb8de467 (240x320)
Meteos – Astro Blocks|240x320|Perfect||10/12/24|636633dfa53ebd850de1b4859ca8d1c1 (240x320)
Miami Nights – Singles In The City|320x240|Perfect|Logs a ton of text into the console, but it’s just debug data|09/19/24|777d411ee5d6ce7789312f6f00d62780 (320x240)
Miami Nights 2 – The City Is Yours!|320x240|Perfect||11/22/23|582dd5df9c9457560fa8547402fe7c03 (320x240)
Micro Counter Strike|240x320|Ingame|Crashes on the match's load screen because of a m3g.Group.addChild() error|06/04/23|036aa47bf89d5aef22aae37b5c504c70 (240x320)
Micro Machines|176x208|Perfect||01/01/25|9f09355ea7cdb09360c99746687524e9 (176x208)
MIDP-MAN|101x80|Perfect|Requires the Siemens Control Scheme|05/15/25|3f30ccb36f954da1d654d8ddb7f17103 (101x80)
MIG 2D – Retro Shooter|240x320|Perfect||06/04/23|cabbf3fd0e76eb9155708d12ab4a20c6 (240x320)
Might and Magic II|320x240|Perfect||06/12/23|bd449717df6f09adcaea3a15e055313a (320x240)
Miki’s World|96x65|Perfect|Perfect when limited to 30fps.|01/01/25|11066f08149adbee6aad38625a17711b (96x65)
军魂1-十面埋伏 (Military Soul 1)|240x320|Perfect||07/05/25|ec1c89bd52aaf236b5597c6ff95daf96 (240x320)
军魂2-联合进攻 (Military Soul 2)|240x320|Perfect||07/05/25|e177cf9230efd111365814ccb17d91b9 (240x320)
军魂3-燃烧的群岛 (Military Soul 3)|240x320|Perfect||07/05/25|fc0fee9e88dd5c8e89a2c806ef5ed881 (240x320)
军魂5-横扫千军 (Military Soul 5)|240x320|Perfect||07/05/25|4eb3085aa9604ed37edbafc5093719bf (240x320)
军魂6-决战北非 (Military Soul 6)|240x320|Perfect||07/05/25|d78af1d9cca5c257a6e7dae5383935a8 (240x320)
Mine in Line|101x80|Perfect||09/04/25|5a9c7527c704888644341352b782d00f (101x80)
MiniGolf Mania|240x320|Perfect||06/25/25|4dd7f05f36264327aad1ad78292a2b13 (240x320)
Mission Impossible III|320x240|Perfect|Works perfectly but some versions can have minor crackling with ADPCM audio effects|06/06/25|8ffc5e017ef214c6f49fd856e397ba4b (320x240)
ジオン編/地上戦 (Mobile Suit Gundam MS Masters - Zeon/Ground Battle) [I-Appli]|128x128|Perfect|Needs a lock to 15fps|09/04/25|cb1935986722ba22d4c9b07842cb9757 (128x128)
ｼﾞｵﾝ編/宇宙戦 (Mobile Suit Gundam MS Masters - Zeon/Space Battle) [I-Appli]|128x128|Perfect|Needs a lock to 15fps|09/04/25|d52e89823022c2657f1624c8c1738da3 (128x128)
ｼﾞｵﾝ編/宇宙戦2 (Mobile Suit Gundam MS Masters - Zeon/Space Battle 2) [I-Appli]|240x240|Perfect|Needs a lock to 15fps|09/04/25|b2e7bca5b1bb7913aae9bb81982f7986 (240x240)
Modern Combat 2 - Black Pegasus|320x240|Perfect||06/04/23|843381036660b3507af0c6f936b62531 (320x240)
Modern Combat 4 - Zero Hour|320x240|Perfect||06/04/23|4bda642ea7b5ef5a8b8799cbde51123e (320x240)
Monkey Ball Demo (Sprint)|128x128|Perfect||11/14/24|c000245e54884d772c8cd06fb726c593 (128x128)
Monkey Ball Mini Golf|240x320|Perfect||05/10/25|64de9be637da57694c67acf403647b65 (240x320)
Moonbase One|128x128|Perfect||08/01/25|3f66a5a6050b6861ba5db5beea1e93bd (128x128)
Motocross Trial Extreme|320x240|Perfect||06/05/23|8f973360643b286b765d70a3c726ba97 (320x240)
Moto GP 08|240x320|Perfect||06/04/23|0af403bb3c7d60dd723a0f9930c39a81 (240x320)
Moto Racing Fever 3D|320x240|Playable|Can be played, but has many graphics issues, mostly related to object positioning and animation tracks|04/28/25|6527b6ae1848935994f5780ec4b2ca55 (320x240)
M-Racer|101x80|Perfect|Runs great limited to 60fps or less|05/14/25|c7c85c277a264a31246a5e0c08d9095d (101x80)
Mr. Bean - Mini Racer|128x128|Perfect||07/06/25|a133095339b0d6fa1df05b5ac3d946dd (128x128)
Mr. Bean Racer 2|240x320|Perfect||07/06/25|47da9de242c9f442aa9dbf25f710fe8b (240x320)
Mr. Revolver|240x320|Minor issues|There’s no audio… uses audio/amr|10/09/24|824470e60b3bd81411d58e9d26f7d0df (240x320)
Munkiki’s Castles|96x65|Perfect||02/22/25|ee563d0de9d52cbe5783eb6e35f53d33 (96x65)
N.O.V.A. 3|320x240|Perfect||06/04/23|701c0b4ec3c0232b6ac99dd8167ba69e (320x240)
N.O.V.A. Legacy|320x240|Perfect||06/04/23|7ec11fad9b92805f2bd336818c5f5d05 (320x240)
N.O.V.A. - Near Orbit Vanguard Alliance|320x240|Perfect||06/04/23|774c8b7d8b4c50f52c338fffaabe1603 (320x240)
火影梦想之忍者传说 (Naruto Dreams of Ninja Legends)|240x320|Perfect||01/21/24|0ee13c5f5267b0b592384edf988e720f (240x320)
网易-大话农场 (Netease-Dream Farm)|128x128|Perfect||07/05/25|d74126e5baa1d19f9c56a89787f18d0c (128x128)
Nature Park|128x128|Minor issues|Flickers from time to time|06/14/25|5074d87ead05f8570ae32bdad68d18a9 (128x128)
Need For Speed - Most Wanted 2012 3D|320x240|Not booting|Crashes at the first loading screen before the menu, throwing an ArrayIndexOutOfBoundsException at the console, also uses m3g|06/04/23|6e1314433cca79f5f7afb2ed347f87c1 (320x240)
Need For Speed - Pro Street 3D|240x320|Ingame|Gets to the menu, then crashes with an error on m3g.Node.getParent() when trying to load a quick match|06/04/23|9c0aa4d7209b34b3b58c4b9d3279d7cb (240x320)
Need For Speed - The Run|320x240|Minor issues|Almost perfect, complains about the lack of a player for audio/amr|06/04/23|29b24e9f93d27baf39c7a567590df8c0 (320x240)
Neon Runner|320x240|Perfect||12/03/24|714aa6c6ab932a3b9bc4328b283d7caf (320x240)
沧海天龙传-哪吒 1 (Nezha: Sigil Ascension 1)|176x208|Perfect||05/18/25|618aafafc427e13823103d0e46d0e649 (176x208)
沧海天龙传-哪吒 2 (Nezha: Sigil Ascension 2)|240x320|Perfect||05/18/25|f452b497eacc40c7a854ab27ce42bfe1 (240x320)
Ninja Prophecy|240x320, 320x240|Perfect||12/23/24|cc472c76b128fa90eca66f7d4e06f2e4 (240x320), 92add89899699c642a23ef769d47fe42 (320x240)
仙魔九界-翻雲覆雨 (Nine World Legend)|360x360|Perfect||07/05/25|41cc5a6cf0bb4403e1daa2acd1312725 (360x360)
NitroStreet Racing|320x240|Perfect||06/04/23|3f1f31a395d63f5369c8b842228b4642 (320x240)
NitroStreet Racing 2|320x240|Perfect||06/04/23|1c186a5f9ee59724cc0c64709324cc49 (320x240)
NitroStreet Racing 3D|240x320|Ingame|No 3D objects render due to FreeJ2ME lacking M3G support.|06/04/23|2d339f9d2d78758043412d7b23c178e3 (240x320)
Nokia Mobile Soccer 3 on 3|128x128|Perfect||09/04/25|a81795ab0728478c697a901d411cda04 (128x128)
Nom|240x320|Perfect||09/10/24|245ba3c25bd7a82fd7545d0a32dd49ff (240x320)
Nom 2 – Free Runner|240x320|Perfect|Runs choppier than its predecessor (intentionally so, it seems… maybe an “unlock FPS” hack of sorts would be useful here?|09/10/24|b15c0fb732d008cccd24c75c15ea3a4b (240x320)
Off-Road Dirt Motocross|240x320|Perfect||06/05/23|94a264ba7b5c084f4f98145029bf4ea0 (240x320)
密室逃脱-平安夜惊魂(Office Escape: Silent Nightmare)|240x320|Perfect||05/18/25|c89dbc8808cef351d0cb8a2fe880ed25 (240x320)
Opal's Quest|176x208|Perfect||05/18/25|6b6d1ce34fc1933a0aea34e481092538 (176x208)
Orcs and Elves|240x320|Perfect||02/22/25|52c7a715ff56f784913c0d49c614352d (240x320)
Orcs and Elves II|320x240|Perfect||06/04/23|b5cc627162a30f6d5f8e0c401550b28f (320x240)
异世界豪侠幻魔传 (Otherworldly Heroic Fantasy Magic Legend)|320x240|Perfect||06/04/23|e482c8ddd1287a59be3ad61be8331a78 (320x240)
OutRoad 2|240x320|Not booting|Crashes at the start with 'ERROR!!!! We haven't found a valid World node!!!' since FreeJ2ME lacks M3G support|06/04/23|3beeecb4e3f129aa50a5394d2f3d00ac (240x320)
OutRun|132x176|Perfect||11/20/24|66e26b75e6cc1b0c38cb37b69f3d3d14 (132x176)
PAC-MAN Championship Edition|240x320|Perfect||06/04/23|c391a8544a985dcf424ac87e4075bf27 (240x320)
PAC-MAN (P-MAN) By Scott Porter|96x65|Perfect|Only renders properly when booted at the correct screen res, but works fine. Sprites do have garbage on their borders, yet doesn’t seem to be emulation related as it is replicated the exact same way on other emulators |04/12/25|0c9b1f5dbfa9f39cd3607190a0cc5f8e (96x65)
Pang|240x320|Perfect|Has some minor console spam about key presses|06/04/23|c639d2b73f4b059b9d62cf44fa5107c4 (320x240)
Panzer Panic|320x240|Perfect||06/04/23|a1e5615712ec0df72f87e473137ecc64 (320x240)
Paperboy Special Delivery|240x320|Perfect||09/22/25|3dcc18059529dd5a8b9d4c769194a265 (240x320)
Peggle|240x320|Perfect||07/05/25|b6e1c81a14e3182fd682d115a4e9dadb (240x320)
盗梦谜踪 (Phantom in the Dream)|320x240|Perfect||09/22/25|a68aa5d51a32139869077426a2a65d76 (320x240)
Phantom Spider 3D|240x320|Not booting|Crashes at the start with 'lang.en-US Not Found' on the console|06/04/23|a389ed86a7758c50640a4fbd8dfcaa84 (240x320)
Phoenix Wright – Case 1|240x320|Perfect||10/19/24|56024deabac416a3b51fb35fdfd5c0b8 (240x320)
Phoenix Wright – Case 2 Part 2|240x320|Perfect||10/20/24|af3e870abd0f16dee66c94a4b2ea7a5a (240x320)
Pipyakas|240x320|Perfect||02/22/25|827fc16399482f80a5c9e516b1fe0154 (240x320)
Pirate Ship Battles|240x320|Perfect||06/26/25|1e0c4fc6fd9f5504d6150ed4fdaa9316 (240x320)
Pirates of the Seven Seas|240x320|Perfect||06/10/25|9c10e134c29aeb7b247a1ffd577ca2f0 (240x320)
Planet Zero|128x128|Perfect||12/26/24|51fa4446f257e8b0433c6e2317127973 (128x128)
Plants vs. Zombies|640x360 touch|Perfect|Needs to be manually rotated. 640X360 version is not rotated and actually has a 640x360 framebuffer, and uses audio/amr files so those can’t be played yet.|06/04/23|2788f91c6430536ff9b6b090d9b37fb7 (640x360 touch)
Plasma|101x64|Minor issues|Requires the pause menu to be brought up when changing levels (seems to be a threading issue)|07/06/25|b7cbc0290782e865b9a227294fc79a81 (101x64)
Plasma Inferno|101x80|Perfect|Requires the Siemens Control Scheme|05/15/25|1093558105fa4946ea98a5b504c3f21e (101x80)
PopEye|101x80|Perfect|Requires the Siemens Control Scheme and a lock to 20fps or less|05/15/25|e4717857582aa6c1150f490d4ef79dbd (101x80)
Powerboat Challenge|320x240|Minor issues|Almost perfect, can’t play audio/amr files, and is missing some sprites (Sprite3D maybe?)|04/21/25|774141292adac23afdc2d8274a406bc6 (320x240)
Predators|240x320|Perfect||09/17/24|d69509dcb48da0f3e1cf678f3f8d892a (240x320)
美少女噩梦 (Pretty Girl's Nightmare)|176x208|Perfect||08/01/25|ed442679bd06ed2f752ea877846c73fd (176x208)
Prince of Persia – Harem Adventures|96x65|Perfect||12/07/24|39f4998cafbcb7443d49aa8e121950b8 (96x65)
Prince of Persia – The Forgotten Sands|240x320|Perfect||10/12/24|7b5cc6f26a913a2b9d4d80e58cb30fdc (240x320)
Prince of Persia - The Two Thrones|240x320|Perfect||06/04/23|0024ff2b1f1cb988b81185e30c0d1ee6 (240x320)
Prince of Persia – Warrior Within|240x320|Perfect||06/11/25|dfeca5ad2b7b3946f440fdcbb89cf437 (240x320)
Prince of Persia Zero|240x320|Minor issues|Almost perfect, can’t play audio/amr files|06/04/23|be01bac004e9fe5742a9eb080c6348d5 (240x320)
Prison Break|320x240|Perfect||06/04/23|874d4ee5d4fa7b73fd641651b613322e (320x240)
Project Gotham Racing|240x320|Ingame|Gets to the menus but can’t start any race since M3G implementation is incomplete|10/12/24|0343c7b6a5a3311709803da1bb6a6a16 (240x320)
Prokleti Becherova|176x208|Perfect||06/14/25|d226e3131dfc4186f566b4f045eac391 (176x208)
Pro Pinball Timeshock|320x240|Perfect||06/04/23|5deeca95a8e2e603697936126a03e524 (320x240)
ぷちぷちクッキング (PuchiPuchi Cooking) [I-Appli]|240x240|Perfect||09/04/25|0b6fad0a4258a9e5d2464ab92083e850 (240x240)
Pure|320x240|Perfect||08/11/23|7b267f053e87136a21b0e8b1343cb323 (320x240)
Puyo Pop Fever DX|640x360 touch|Perfect||07/16/25|d64785fb0cda5c0f00b53a309e99692d (640x360 touch)
Puyo Pop Fever Re:Chained (MOD)|Multiscreen|Perfect|AMR version can’t play audio/amr files. |07/16/25|0d5dca9840772346131f60acb3343f9d (Multiscreen)
Puzzle Challenge Deluxe|320x240|Perfect||06/04/23|1b5f2ab71c21b2b4b9a48a2888541eea (320x240)
Puzzlegeddon|240x320|Perfect||07/05/25|1e584cf0c3d9df32ff4d809d9ff89f5f (240x320 SE), 2e3bc77eb33fcf68ef761cfcb5cbcccc (240x320 Nokia)
Puzzle Quest 2|320x240|Perfect|Requires the Nokia Keyboard control scheme|07/05/25|435aa39ca71e07f9de1a12138bdc395c (320x240)
Puzzle Quest - Warlords|240x320|Perfect||07/05/25|a2b58a7c569848496e3b5d508702408b (240x320)
Puzzler (Siemens)|101x80|Perfect|Requires the Siemens Control Scheme|05/15/25|b8e1d56fd63354902434a0f4c74d9701 (101x80)
Pyramid Bloxx|320x240|Perfect||06/04/23|b85508d3a65387fa9ac34a742a510a7a (320x240)
Quantum Blast|101x64|Minor issues|Requires the pause menu to be brought up when changing levels (seems to be a threading issue)|07/06/25|acbfb1dfe3729fe9a13c93dfed58b474 (101x64)
R.U.S.H|320x240|Ingame|Menus work, but throws a NullPointerException at Vector.size i Canvas repaint() while trying to load the actual game|06/04/23|0ede5675d9946f7c64a99e0491d39777 (320x240)
Race Driver GRID|320x240, 240x320|Perfect|Needs a limit of at max 60fps or less, otherwise runs too fast.|02/27/25|b8f9dfdd0b0d4b96dde565fb78ff984b (320x240) 6ca94a17153bc57ebcdd56d57c01d9f4 (240x320)
Racer XXX|240x320|Perfect||12/25/24|f10b60442021341b6e9e7e8aa5c868be (240x320)
Racing Fever|128x128|Perfect||02/21/25|25671ce7ef2c20940097edddb615d636 (128x128)
Racing Fever 2|128x128|Perfect|Perfect when limited to 60fps or less.|04/29/25|2f5d3cdf3cb75a94217f1eb694453e74 (128x128)
Racing Fever GT|320x240|Perfect|Perfect once you set it to 60fps|06/04/23|b99c792bb4495c3365f26b5c8775fdc0 (320x240)
Racing Fever GT 3D|320x240|Playable|Can be played, but has many graphics issues, mostly related to object positioning|04/20/25|6e4dd02fdf1c9fee798c0f5b99b31896 (320x240)
赛车风云-经典版 (Racing Style – Classic Edition)|320x240|Perfect|Logs a few things on the console, but works fine.|06/04/23|8d4e59f11ce6a32f8d17f007e8fd8e7d (320x240)
Rail Rider|96x65|Perfect||04/12/25|50857e414e9aa43f11f21bb48c5a270b (96x65)
Rainbow Islands|240x320|Perfect||09/22/25|c729d7254960b1c2449f0fbb7ca87e88 (240x320)
Rally 3D (Nokia)|240x320|Perfect||04/12/25|0bd9a9710b8e375013c0c387e30e7b81 (240x320)
Rally Master Pro|240x320, 320x240|Perfect|M3G version (nokia) works perfectly. Sony Ericsson’s MascotCapsuleV3 version doesn’t render anything 3D.|04/19/25|3db7c2de512d0be52bfe3a9e21540235 (240x320 M3G), efe282bc2aaa3d9cb05ea134ed34dabb (240x320 Mcv3)
Rambo Forever|240x320|Perfect||06/04/23|ef85f0caf72cf3099b96a9ccf53be363 (240x320)
Rambo On Fire|240x320|Perfect|Audio randomly cuts off but I’ve seen some games do that even on actual phones, although it’s good to keep this audio problem in mind.|06/04/23|d915812e8acfe89002b7cbaecc0b11fb (240x320)
Ratatouille|240x320|Perfect||05/13/25|d75f8638eed46ec6c0ff43b94fa0c183 (240x320)
Ratatouille – Cheese Rush|240x320|Perfect||10/12/24|faa80d52ce52ff9abf469a29b99341eb (240x320)
RAW – Special Unit|320x240|Perfect||06/04/23|f3a65abdc8ffdbcb7f64e1b52f9bb1a8 (320x240)
Rayman 3|240x320|Perfect||06/03/25|63c7067eb51711776a581d772867af63 (240x320)
Rayman Bowling|176x208|Perfect||12/01/24|28d06d890fa3c9cd2621b38a60262688 (176x208)
Rayman Golf|96x65|Perfect||06/03/25|259e63055284e87da5d459e2011cdddc (96x65)
Rayman Kart|240x320|Perfect||10/20/24|9e34252d7eaa3fec135fb58534b3fb32 (240x320)
Rayman Raving Rabbids|240x320|Perfect||05/09/25|e5818eed6bc3781b168feae3ee7c8beb (240x320)
空気を読む 1 (Read the room 1/读空气 1)|240x320|Perfect||04/16/25|1bed99b0a38ab03533cfd5a56347f8b6 (240x320)
空気を読む 2 (Read the room 2/读空气 2)|240x320|Perfect||05/18/25|fd2e2d67fa57b3151cd58ddb774cd97b (240x320)
Real Football 2013|320x240|Perfect||11/16/24|671f99d06f308495d52859763755e2e4 (320x240)
Real Football 2016|320x240|Minor issues|Almost perfect, can’t play audio/amr files|06/04/23|3c624918f1cc895537e6b26d02bb3d31 (320x240)
Real Football 2018|320x240, 240x320 (touch)|Perfect||06/04/23|94940bbc58e6ee169bd325ebe496ce69 (320x240)
Resident Evil Degeneration|240x320|Perfect||02/22/25|dbe4aed281d3509980c875fe68e4fc8c (240x320)
Resident Evil Uprising|320x240|Perfect||06/04/23|9b60edbe72465c9fab50bf77825b857d (320x240)
劲乐争霸 (Rhythm Rumble)|240x320|Minor issues|It flickers occasionally, but overall it works fine.|05/18/25|da140d7aa49f3f286e1b84a508725e26 (240x320)
Ridge Racer Drift|320x240, 240x320|Perfect||10/12/24|a26326ad174a10b89819b9469a934249 (320x240), 459517490528f61fec451eed26f27221 (240x320)
Rise of Lost Empires|240x320|Perfect||06/04/23|9b2ac243d97cda1b75bdd8e5912db5a6 (240x320)
公路漂移传说 头文字D (Road Drift Legend - Initial D)|240x320|Perfect||06/04/23|0874d125209e95f66b07ce1a6c8f66ac (240x320)
火箭车 (Road Fighter)|240x320|Perfect||09/25/25|32fbb68777f07b23b132b2599694d6f9 (240x320)
Road Raider|240x320|Perfect||11/22/24|ce05869945fdaa81dc5e360dff7ab7c3 (240x320)
Road Warrior|101x80|Perfect||05/14/25|3248d037c053b19be52bb688f019de7d (101x80)
Robot Battle Tactics|240x320|Perfect|Needs the Motorola/Softbank Control Scheme|06/12/23|828c99aa643f11deeceed564659b2bff (240x320)
Robinson Crusoe: Shipwrecked|240x320|Perfect||05/18/25|869b478961ef2194969903631a4bd8a2 (240x320)
ROCK BAND Reloaded|320x240|Perfect||09/20/24|0e2aaa30043298c6db6a04a7eee7810e (320x240)
洛克人 1 (Rockman 1)|240x320|Perfect||09/22/25|b2d5737104008495356c996229ab057b (240x320)
洛克人 2 (Rockman 2)|240x320|Perfect||09/22/25|6213d0b9cdb68e1ca086c68b74e563bb (240x320)
洛克人 3 (Rockman 3)|240x320|Perfect||09/22/25|665e859222bde24ae2f8d1c8ad49a2b0 (240x320)
洛克人 4 (Rockman 4)|240x320|Perfect||09/22/25|b65dc73a9f5b5235b0195cb51ae80d6a (240x320)
洛克人 5 (Rockman 5)|240x320|Perfect||09/22/25|dbb41a36c64296d5b7bb58ea0d8bf639 (240x320)
ロックマン４ (Rockman 4) [I-Appli]|240x240|Minor issues|Has some audio problems due to MLD|07/30/25|59c556d9995d25f2e24056e2d71d8f1b (240x240)
ﾛｯｸﾏﾝｴｸﾞｾﾞ L.o.N. (Rockman .EXE Legend of Network) [I-Appli]|240x240|Minor issues|Has some PCM playback issues and slight font misalignment|09/04/25|10dae583eb2000f7da5b81277e4fa4a4 (240x240)
ﾛｯｸﾏﾝｴｸﾞｾﾞ P.o.N. (Rockman .EXE Phantom of Network) [I-Appli]|240x240|Minor issues|Has some PCM playback issues and slight font misalignment|09/04/25|237e23bccc3d29bc5fd8713fbe2e732b (240x240)
ロックマンGP (Rockman GP) [I-Appli]|240x240|Perfect|Appears to work perfectly|08/01/25|0336c17d3df25a705847f342adab7322 (240x240)
Rockman Jump|128x128|Perfect|Needs a 15fps lock|09/04/25|5cdce6ed1604afb7164cc6e6b75c18c8 (128x128)
ﾛｯｸﾏﾝ ﾊﾟﾆｯｸﾌｧｲｱ (Rockman Panic Fire) [I-Appli]|240x240|Perfect||09/04/25|a0a7fe130abba357fbd10c09c4b331ff (240x240)
ﾛｯｸﾏﾝ ﾊﾟｽﾞﾙﾊﾞﾄﾙ (Rockman Puzzle Battle) [I-Appli]|240x240|Not booting|Black screen at the start|09/04/25|828a83c06c6ea189c56c9508c37f3f71 (240x240)
ロックマン テニス (Rockman Tennis) [I-Appli]|240x240|Minor issues|MLD support isn't very good yet, so audio isn't perfect.|08/02/25|3fa6579dc95b557d1d29954525f5f3b9 (240x240)
ロックマンＸ (Rockman X) [I-Appli]|240x240|Minor issues|Has some audio issues and minor graphical bugs|07/30/25|456dc0059b64b4da7a181281af1b61aa (240x240)
幻兽大战-罗达之路 (Roda's Road)|176x208|Perfect||05/18/25|c4cbdc7b88d7c6eb774ffcd7e12c6e85 (176x208)
Roller Coaster Revolution – 99 Tracks|320x240|Perfect||06/04/23|af2c9eacf02dda6e83e738350cf93678 (320x240)
Roller Coaster Rush 3D|240x320|Not booting|Fails at the initial loading screen with NullPointerException at javax.microedition.lcdui .Display$SerialCallTimerTask .run(), uses m3g|06/04/23|c4427a15bae87d4aec5e23d5b96e73cd (240x320)
Rolling with Katamari|320x240|Perfect||06/04/23|24508ee9ffa405b45d353b52b6d714c7 (320x240)
帝王演义-康熙传 (Romance of the Sovereigns_Kangxi)|240x320|Perfect||09/22/25|e9a19fa99ae5c4aa58d1cdaf6aaba946 (240x320)
绿色突袭I (Rush and Attack I)|240x320|Perfect||06/14/25|c6d4182020b5a00ceca6d0f78126d6d5 (240x320)
Rush Hour 3 (尖峰时刻 3)|240x320|Perfect||04/16/25|20fbd4ff56724cc382a010f15ad39287 (240x320 CN) 8f6a30ab74747a106e6aa240b6f92099 (240x320 EN)
SabreWulf|176x220|Perfect|Works better with a 60fps limit, otherwise it can eat inputs.|04/18/25|587b15d3a8d305fb6088bbd58db016c6 (176x220)
Saints Row 2|240x320|Minor issues|Works almost perfectly, complains about the lack of a player for 'audio/amr'|06/04/23|411b30d4735567cd098b418de58efad0 (240x320)
圣石记II(Saint Stone II)|320x240|Perfect||06/04/23|50ae259c9305834faad49a0e96a220b4 (320x240)
Saint Stone – Knight’s Legend|240x320|Perfect||09/19/24|C054242cfa5a8b80f4b1a28490fcd426 (240x320)
Samurai|240x320|Perfect|Throws some 'drawImage A:null' messages at the console|10/29/23|97f100eac80c70602442bc5e454a488c (240x320)
桃色校园-心跳回忆 (School Love)|176x208|Perfect||07/05/25|0f802c118d0f97729d98049c45f80bd8 (176x208)
SCX GT|240x320|Perfect||10/29/23|c2936a3965874a71c701f25be67c8875 (240x320)
SDｶﾞﾝﾀﾞﾑﾊﾞﾄﾙ (SD Gundam Battle) [J-Sky Appli]|176x208|Perfect||09/25/25|0c43174452faf8ec9edfc66c7e590900 (176x208)
風之海-宋末恩仇錄 (Sea of Winds)|240x320|Perfect||04/16/25|a45e0a24023fec4d2c0e84c07572f291 (240x320)
Section 7|176x208, 128x128|Perfect|Perfect as long as you set FreeJ2ME to the jar’s intended resolution, otherwise will have graphics issues.|02/23/25|bb0618d57281ab4af26a5631cc1b263d (128x128) 7f259cc79d23eee4a9f3a72042696130 (176x208)
Sega Rally 3D|320x240|Not booting|White Screen after the audio selection screen, probably uses m3g|06/04/23|def50d213c538c209e1ce520690b96f7 (320x240)
Sexy Ninja Foxy|176x208|Minor issues|No longer freezes randomly but text is misalligned, could be specific to the jar. Plays better at 30fps or less, otherwise menu inputs repeat too fast.|02/27/25|95e283ac9e94ca4b680531fb6856c4af (176x208)
Shadow of Egypt 3D|240x320|Perfect||06/04/23|c23f434bd0e3661ac5017f34bbdf0a31 (240x320)
Shadow Shoot|240x320|Perfect||10/30/24|aaa7665cc7465cacb34de22a063b6ebe (240x320)
Shadow Shoot (Trial) [I-Appli]|240x240|Minor issues|Black screen after playing, could be because it's a trial|09/04/25|72bd26489b40754f581155ed9c7bc6c9 (240x240)
Shadow Walker|240x320|Perfect||06/04/23|d9b46a7d377321ae0b57bf2c7a508e57 (240x320)
Shadow Zone: Chernobyl - The Nuclear Apocalypse|240x320|Perfect||06/04/23|b11e66712294a8ea7a4ecf304e5f6bab (240x320)
福尔摩斯之暗夜逃杀 (Sherlock Holmes: The Dark Night)|176x208|Perfect||07/05/25|fa15e125dd2475f3e5735db5a6b34903 (176x208)
真女神转生 (Shin Megami Tensei)|176x208|Perfect||07/05/25|b8a30f609ae80bad1e3accc1cf7c77fe (176x208)
光明傳説 (Shining Legend)|176x208|Perfect||07/05/25|cda88ca71b2b316bb1535a523517497b (176x208)
Shiver 3D|320x240|Perfect||06/04/23|2acd9b0013d64ef0f6c7a53f6ab5baf0 (320x240)
Siberian Strike|96x65|Perfect||12/05/24|93b55da18eeffd53ed7dfa9194ba6e97 (96x65)
沉默的狙击 (Silent Sniper)|320x240|Perfect||07/06/25|0d6344f630d15b150b29b60c180f1b04 (320x240)
SimCity Deluxe|320x240|Perfect||06/04/23|4d9dcca29d8c4a0fdc2058b79725a75f (320x240)
SimCity Metropolis|240x320|Perfect||11/23/23|8050f71e6ee6a3a1bf9e704eab23cce9 (240x320)
SimCity Societies|240x320|Perfect||11/23/23|912db1f1b49cdfeafb4ca9339a67c524 (240x320)
Skate|320x240|Perfect||06/04/23|3930cc18922b827f4846a1180745368f (320x240)
Skate & Slam|96x65|Perfect||12/07/24|2bd39e5b33671af557fa64200b6c66ca (96x65)
SkyForce|240x320|Perfect||06/04/23|c05e4e7361495fe15502a7ef1454202e (240x320)
天空战纪II (Sky Wars II)|320x240|Perfect||06/11/25|b3410870b662d957810aec3c650fb76e (320x240)
Smash Kart Racer|320x240|Perfect||06/04/23|62dc541bf72ed8c9208a8c97c7ab7597 (320x240)
Snake Revolution|320x240|Perfect||06/04/23|660e8234182bd740f0aea49d0b65e04d (320x240)
Snowball Fight|128x128,128x160|Perfect||09/04/25|17c33bdcb8f69e034d145c2796b0b487 (128x128), f43f1dd591740fdcb8f8a194c89e6498 (128x128), b90eb797378758a46a943f989640ee65 (128x128), 0b2408298297402207d3c451ed1db2b8 (128x160)
SolaRola|240x320|Perfect||04/13/25|3f4abe7fbbc6fcc44a4bfba2c95c63ea (240x320)
Solid Weapon 2 3D|320x240|Playable|Can be played, but animations are completely broken (AnimationTrack updates aren’t working properly)|04/20/25|a18f3c6fe43c4c6bce46faf332c7a7d5 (320x240)
Solid Weapon 3 - Red Gun|320x240|Perfect||09/19/24|8416fbc9040b95dfc0f163ad9696cbc0 (320x240)
Sonic Advance|320x240|Perfect||10/19/24|1f39e8ef85c6b26dd07d95409554c386 (320x240)
Sonic & SEGA All-Stars Racing|240x320|Perfect||10/12/24|009cf592bfd13149a3626ee8bd0f9414 (240x320)
Sonic Jump 2|240x320|Perfect||10/12/24|5f9e32061d366f236450b1f06eeb6eaf (240x320)
Sonic Runners Adventure|320x240|Perfect|Needs the Nokia Keyboard control scheme|11/16/24|35fbe093fde433c8fa7ffea5d7c029dc (320x240)
Sonic Spinball|240x320|Perfect||11/13/24|da8142d19f174692f873b55837e87144 (240x320)
Sonic The Hedgehog – Part One|240x320|Minor issues|Cannot play audio/amr files|12/09/24|386dd67f7d8beba3f3c1053116ce6e8e (240x320)
Sonic The Hedgehog – Part Two|240x320|Minor issues|Cannot play audio/amr files|12/09/24|74d9b7576efd75f3e33f2d42300674fd (240x320)
Sonic The Hedgehog 2 – Crash!|240x320|Perfect||11/17/24|ac29dbea543e3c2e31f05500281cac66 (240x320)
Sonic The Hedgehog 2 – Dash!|240x320|Perfect||10/12/24|23e55e4640994594a940c18c6271da4a (240x320)
Sonic Unleashed|320x240|Perfect|600kb versions and below work perfectly, 1mb versions require m3g and even though it renders 3D objects, they’re not positioned correctly|04/12/25|baffde04b1f7e75157dd7a59b4e2dc9e (320x240)
Soul of Darkness|320x240|Perfect||06/04/23|340994bc9aeb487999d4dc61c02db0a3 (320x240)
South Park 10|240x320|Perfect||09/22/25|3b3d8c2b613f1920f77da88227a1c8d7 (240x320 CN)
吞噬天地 (Star Eater: Heaven's Vengeance)|360x640|Perfect||07/05/25|7920853ad6a8584534eb7a627ea36f3e (360x640)
SpaceAttack|101x80|Perfect||05/15/25|5235f69c4a7339fe1f7ff435032f1957 (101x80)
Space Impact III|128x128|Perfect||06/04/23|56c5c9c79f3bc1fd2227ae0b3cef3e89 (128x128)
Space Invaders Evolution|320x240|Perfect||06/04/23|92fd60b33061ea0c9be2a79fa5dded7c (320x240)
苍穹默示录-吞噬时空 (Space Time Sky Apocalypse)|240x320|Perfect||07/05/25|00455a404fc5847b42b6871c556f8132 (240x320)
Special Force 5 – District Blood|320x240|Perfect|Some minor console spam.|06/04/23|3ee6c5624a0d2a15e97217c690f300ac (320x240)
Speed Addict Underground II|240x320|Perfect||06/04/23|abdc3fc19c8767319c25541ee605fac2 (240x320)
Speed Devils|176x208|Perfect|Perfect when locked to 30fps or less, otherwise plays a bit too fast|12/01/24|09d57f7379d2901e10fdd3fb0ebfc9b4 (176x208)
Speed Racer|240x320|Perfect||06/09/25|ef365b9c809de0bab3b9325f87e660dd (240x320)
Speed Spirit|320x240|Ingame|Reaches the menus, but it is impossible to play due to the lack of either M3G or MascotCapsuleV3 support (uses Abyss Engine)|08/11/23|1a01229054b58d0381dd171dd10d198f (320x240)
Spider-Man – Toxic City|320x240|Perfect|Spams many messages on the console though|11/16/24|ae95f137a3a2d5f8f8eb3822a66e6b7f (320x240)
Spider-Man – Ultimate Power|320x240|Minor issues|Can't play audio/amr files|06/04/23|8728847daa516c7c68a1cbbee3af7bb0 (320x240)
Splatterhouse|240x320|Perfect||11/01/24|bf0d4e3adc05732a13e7e2067160bc4b (240x320)
Spyro – Ripto Quest|176x208|Perfect||04/18/25|1571853102457c75375faa55d7362b26 (176x208)
Starblaster|320x240|Perfect||06/04/23|9c6ff7a9d433ff1c03ac9a4064d8b0ca (320x240)
Star Invasion|320x240|Perfect||06/04/23|40c6698fd56d37ee5e15acf0432385ff (320x240)
Star Warriors (Raiden)|240x320|Perfect|Has to be limited to 60fps and loading takes a while… also throws 'Canvas repaint(): null NullPointerException' about fonts at the start, but the game is unaffected.|06/04/23|585c03bc66cc45a8cc448d940ff89706 (240x320)
Star Wars – The Force Unleashed|320x240|Perfect||06/04/23|3f1f5e2f628a281f88fd01605c2d38d4 (320x240)
Stormbreaker (风暴突袭者)|176x208|Perfect||05/18/25|4f714c64be4102796c83ee06b4aea4d1 (176x208 CN)
Stranded (孤岛余生)|240x320|Perfect||06/04/23|3b5758950c3c7064c5fc03fc445d001c (240x320) 74e820ef5c02d4c9b94a45320f54a83c (240x320 CN) 
Stranded 2 – Mysteries of Time (孤岛余生 2)|240x320 (portrait 320x240)|Perfect|Default rotation works with 240x320 res|06/04/23|b8f30c46689392f1ba4eec5d2275dd83 (portrait 320x240)
Streets of Rage|240x320|Perfect||11/13/24|9881fa484bb0d6e847c04c9597a9eb49 (240x320)
Summer Volley|96x65|Perfect||12/05/24|c40e80aa197dd4e0e5e114b9e9713183 (96x65)
Super Action Hero|240x320|Not booting|Does not boot, only creates two 240x320 canvas and stays at a white screen|08/11/23|0ac75669e69c73e1d017f36484b95271 (240x320)
Super K.O. Boxing 2|240x320 (portrait 320x240)|Perfect||06/04/23|6b6b6d012ff84cfbbf949e46269f9039 (portrait 320x240)
Superman/Batman – Heroes United|240x320|Perfect||11/22/24|cef19402849008d572fb6b8c29ccef11 (240x320)
永远的超级玛丽2 (Super Mario Forever 2)|176x220, 240x320, 320x240|Perfect|176x220 version can be played in 240x320 or 320x240 just fine (maybe even higher) , most of the graphics scale perfectly with the viewport|10/29/23|378e6374471a205f76513c31dbe97f21 (176x220, 240x320, 320x240)
Super Monkey Ball Tip N’ Tilt|240x320|Perfect||02/27/25|999c5d17561a11a82f4af00b0d6ca325 (240x320)
Super Monkey Ball Tip N’ Tilt 2|240x320|Perfect||02/27/25|873771037424b1d93a259cb442496a20 (240x320)
Super Puzzle Bobble|320x240|Perfect||06/04/23|9c6ee3a39eec6dbfff28d65ee3f7a2b0 (320x240)
Super Taxi Driver - The Original|240x320|Not booting|Crashes at the start with 'Cannot invoke 'javax.microedition.m3g .Group.getChildCount()' ' errors.|06/04/23|e1b6dd9f480a503db7d797baf7c6641c (240x320)
Super Water Bomber|320x240|Perfect||06/04/23|0413aebaea15c417d41795897804abff (320x240)
孤岛历险 (Survival Kids)|240x320|Perfect||09/25/25|dd622c1dbc4dc3d74c8d52a6113ce09b (240x320)
SWAT – Elite Troops|352x416|Perfect|Throws some 'Couldn't Load Image Stream' messages at the console|10/29/23|ce2b31a131262d7385c79d7c291111f7 (352x416)
Swedish Touring Car Championship (STCC)|176x220 (Multiscreen)|Perfect|Requires the "Siemens friendly drawing" compat setting, and the Siemens Control Scheme|07/20/25|25f498d57ae2bfeaeb44e0e4867649c2 (176x220)
聖劍玫瑰 1 (Sword Rose 1)|128x128|Perfect||02/22/25|864aa397565c7f4e8debac5ee63a2f02 (128x128)
聖劍玫瑰 2-上 (Sword Rose 2 Part.1)|240x320|Perfect||09/22/25|e609bc226608cbb62abeb8231338e923 (240x320)
聖劍玫瑰 2-下 (Sword Rose 2 Part.2)|240x320|Perfect||09/22/25|68311fe64c040ce2ebf1b269659b184d (240x320)
Tank Generation|320x240|Perfect||06/04/23|9b3dfe7a2422bd965796fe553e035e09 (320x240)
Tank-J|240x320|Perfect||08/11/23|7948b4addccc0fccd2402f653c7d8b16 (240x320)
Tanks Pro|320x240|Minor issues|Can’t play audio/amr files|10/09/24|7fccdd301770dbcd065914cd268e355e (320x240)
Tank-X|320x240|Perfect||06/04/23|967657ecb99143a7a3b8220af62ef1b7 (320x240)
Teenage Mutant Ninja Turtles – The Ninja Tribunal|240x320|Perfect||12/02/24|b7964f69518c2bd6a5cb257e1d2735c2 (240x320)
Teenage Mutant Ninja Turtles 2 - The Shredder Reborn|240x320|Perfect||12/02/24|78495a045dcc8cdd0a48c7e64f84e2fc (240x320)
Tetris Mobile|320x240|Perfect||09/20/24|631e961b6688c0300a7dd5dce34b1a28 (320x240)
Tetris Revolution|320x240|Perfect||06/04/23|3b3fdf9d0a1c9e17d1b82bb65621ad5a (320x240)
The Amazing Spider-Man 2|240x320|Perfect|Works perfectly but can have FreeJ2ME stalling due to garbage collection if max heap size is unrestricted. A max heap size of 64MB or 128MB is more than enough.|04/23/25|c67e5c17d9f11ce8d30aa8cce440dc10 (240x320)
The Avengers – The Mobile Game|240x320, 640x360 Touch (but keys work)|Perfect|640x360 version works fine but can’t play audio/amr files. Also 640x360 is not rotated, needs an actual 640x360 screen resolution.|09/04/25|5d4a497494e4dd3a9bdc9b2dcc2c0557 (240x320), a04dfbf10bd701367f63a341b4830974 (640x360 touch)
The Call of Cthulhu The Darkness Within Book 1|240x320|Perfect|When completing the game, a prompt appears asking whether to visit an external URL. If agreed, the game will freeze. This is not an issue.|07/05/25|d54a5514ae4e7899b6efcb56561571df (240x320)
The Dark Knight Rises|320x240|Minor issues|Works fine, can’t play audio/amr|11/16/24|6ea6b7f7169169469d1f0e4a1068a5dc (320x240)
The House of the Dead – Nightmare|320x240|Perfect||11/01/24|4b222ce505262eb102502ad286d55990 (320x240)
The Legend of Spyro – A New Beginning|320x240|Perfect||06/04/23|32c4dfbe21e51cab5bf6c40f5c49a990 (320x240)
The Legend of Spyro – Dawn of the Dragon|240x320|Perfect||10/19/24|c46c0fc9750a1b115d575bd4ef3767f0 (240x320)
The Legend of Spyro – The Eternal Night|320x240|Perfect||10/30/24|e96add7b713d426369d6a43904f20221 (320x240)
魔塔战争 (The Magic Tower War)|240x320|Perfect|Constantly spams the console with useless messages. Could be specific to the tested jar file.|06/04/23|c002d68c14fae1692d8d2ec05c529c6b (240x320)
まんが奥の細道 (The Narrow Path to Manga)|240x320|Perfect||05/18/25|f5a9df3ba21c79843426f231c67e41ed (240x320)
The Overtaker 3D|352x416|Perfect||06/04/23|0db8125264f2ca4e4e511709e050a9d6 (352x416)
海盗王2 (The Pirate King 2)|320x240|Minor issues|Almost perfect, skill leveling menu has glitches with FreeJ2ME trying to draw images with 0 width.|11/01/24|c75ab0bd7874355177bf2aa27f45106b (320x240)
The Simpsons Arcade|240x320, 320x240|Perfect||06/12/23|725845bed65523256460ce0cb21dc6a0 (240x320, 320x240)
The Sims 2 – Castaway|320x240|Minor issues|Almost perfect, can’t play audio/amr files|06/04/23|0e6ca6f7b1d10dfa685186f6017df060 (320x240)
The Sims 3 - Ambitions|320x240|Perfect||06/04/23|0195cf1b734bdb9630d1628d38b292c4 (320x240)
The Sims 3 - World Adventures|320x240|Perfect||06/04/23|fff0b5f3b21f85677431836d396803d8 (320x240)
死神 Bleach (The Soul Reapers – Bleach)|240x320|Perfect||06/04/23|82da992c07002c079e1b3feb8b4a0fe8 (240x320)
The SpongeBob SquarePants Movie Game|240x320|Perfect||02/21/25|a27331bb9e3b0a12ac3f99f3dc32d5c1 (240x320)
绿野仙踪 (The Wizard of Oz)|176x208|Perfect||05/18/25|28fba3f2e0f9c6f0a8c7e23f6ac73689 (176x208)
Thor – The Dark World|320x240|Minor issues|Works fine, but no audio since it can’t play audio/amr files|06/04/23|bfbcad574d6bb5d66bc523e9a8f06178 (320x240)
Three Hegemony|240x320|Not booting|Crashes on the first screens with canvas repaint() and m3g.World.find(int) errors.|06/04/23|290102e6ffc408d9ee8ca5832f6219ce (240x320)
伏夢三國之全面啟動 (Three Kingdoms: Dream Raiders)|240x320|Perfect||09/25/25|fabdc327a46d6828fd8b75f48b0da71e (240x320)
Thunder 2012|320x240|Perfect|Some lcdui.Image.getWidth() errors in the console, but doesn't affect the game|06/04/23|9cfb29ed16459267ce5066544383f8f5 (320x240)
Time Crisis Elite|320x240|Perfect||06/04/23|19d6f2c499065df25baaa37e0301a29e (320x240)
时空旅者-七日的遗产 (Time Traveler – Legacy of Seven Days)|240x320|Perfect||06/04/23|32c738d0b31dd383c57a7fb6becf1aa9 (240x320)
TOCA Race Driver 3 3D|320x240|Ingame|Gets to the menu, but complains about the lack of a player for audio/amr, and shows a screen with the text 'Your Handset needs to re-organize its memory. Please reload to continue play' when trying to load a track. Appears to need multiple texture units|06/04/23|ba0c968623b829eed55011fdf3dac4cf (320x240)
阓子豆腐 To-Fu Oyako (MIDlet-1: Bomber)|240x320|Perfect||10/24/24|b4a219abbef6bf3d6bd135efeb00ac07 (240x320)
Tom Clancy’s Ghost Recon 2 – Advanced Warfighter|240x320|Perfect||06/04/23|808842171fb49f36e4994f15e8fec9b1 (240x320)
Tom Clancy's H.A.W.X.|240x320|Perfect|240x320 can’t play video/3gpp (!!!)|06/04/23|0b8b4593141a006105d1b363751a1798 (240x320)
Tom Clancy's Rainbow Six 3|240x320|Perfect||10/09/24|a90f9d955b89f04f0823c487d5d6df43 (240x320)
Tom Clancy's Rainbow Six – Lockdown|240x320|Perfect||10/09/24|98bd2365e8c55f67deb1c41870106b2b (240x320)
Tom Clancy's Rainbow Six – Raven Shield|128x128|Perfect|Perfect (crashes if the screen resolution is incorrect)|12/01/24|5858db56f985791ee281ff951fc1ddcd (128x128)
Tom Clancy’s Rainbow Six – Urban Crisis|96x65|Perfect|Works great when limited to 30 fps. Has some flickering on the loading bar, but is completely trivial.|12/05/24|4736a79e061d2b1d23ed42fc40de3a4b (96x65)
Tom Clancy's Rainbow Six – Vegas|240x320|Perfect||10/09/24|f883132fefbcde90351d57f62dec0c76 (240x320)
Tom Clancy's Splinter Cell|96x65|Perfect|Perfect after being limited to 30fps.|12/05/24|119daa35b5d8ee09d4dc3fee3c4dcdda (96x65)
Tom Clancy's Splinter Cell - Pandora Tomorrow|240x320|Perfect|Needs the Motorola/Softbank Control Scheme|06/04/23|19ede4406110ad609ad05a917db52348 (240x320)
Tom Clancy’s Splinter Cell Conviction|240x320|Perfect||06/04/23|c4b2062d67bf41db27e457c2d0530caa (240x320)
Tom & Jerry - Mouse Maze|352x416|Perfect||07/31/25|20631f81f2a766bfbcc1ebbb54388d2e (352x416)
Top Gear – The Mobile Game|320x240|Perfect||06/04/23|6b7e2c51bd62b3402801b8c001604147 (320x240)
Top Gun – Air Combat II|176x220|Perfect||10/29/23|1abe475c20192f2210d71845cb39bd9d (176x220)
顶蘑菇4 (Top Mushroom 4 [Unofficial Super Mario game])|240x320|Perfect||06/10/25|e65d58cd854d90ee793efd184dd22b12 (240x320)
Tornado Mania!|240x320, 320x240|Perfect||06/04/23|c9ba46ffdd04e3faddced48f2da456c9 (320x240, 240x320)
Tornado Mania! 3D|240x320, 320x240|Playable|Can be played but there are multiple graphics issues (textures have wrong colors, objects aren’t placed correctly, the tornado isn’t visible although you can still see its path)|04/24/25|f6d3fe528290d97c3b576d646237ad9c (320x240, 240x320)
Total Overdose|240x320|Perfect||06/04/23|af5d10e8fde40731d872615282ce8436 (240x320)
東方詠符録 (Touhou Eifuroku)|240x320|Perfect||05/18/25|b05dbbe24f826b5e6220800b1a7a5737 (240x320)
東方氷幻鏡 (Touhou - Misfortune Mirror's Tale) [I-Appli]|240x240|Playable|Has some audio playback issues. Graphics tear, and battles occasionally freeze.|09/04/25|603d599912f35c576f6e012f5ed45694 (240x240)
東方神魔談trial (Touhou Shinmadan Trial) [I-Appli]|240x240|Minor issues|Has some audio playback issues|09/04/25|e930dfce8e27da59424ee11a0a6c63a4 (240x240)
東方遊夜雀 (Touhou - Solar Eclipse Night) [I-Appli]|240x240|Minor issues|Has some audio playback issues|09/04/25|4d8d1be434b96d4c29fcf1cd9c5a5e5d (240x240)
東方数魔録 (Touhou Suumaroku) [I-Appli]|240x240|Minor issues|Has some audio playback issues|09/04/25|0cf2bf891ec033bea23d32b83176ab77 (240x240)
Tower Bloxx Deluxe 3D|240x320, 320x240|Playable|Can be played, but exhibits many graphical glitches|04/23/25|b7a8fab33469e2bfd942b97d29c4d70b (320x240, 240x320)
Tower Bloxx – New York|240x320, 320x240|Perfect||06/04/23|27151127cd53d858782c354c1d4d0916 (320x240, 240x320)
Townsmen 4 (家园4)|240x320|Perfect||04/16/25|f4069d91fdd00dad28664e97d454447e (240x320 CN)
Track and Field 2006|240x320|Perfect|Needs the Motorola control scheme|07/06/25|b32e35f9f1b5e14e9d6815ea014110f5 (240x320)
Traffic Racing|320x240 (landscape 240x320)|Perfect||06/04/23|511fe74943b69da2cd1eb7d85c5f5d15 (320x240)
Trivial Pursuit|240x320|Perfect||11/14/24|319125e4a70cffd5dc9839a5edfa8ee8 (240x320)
Tropical Madness|240x320|Perfect||06/04/23|979dd311bcfd875e5b158e2f9215939c (240x320)
Turok|320x240|Perfect||06/04/23|971164045681ef4a666d4b64a9e78fbb (320x240)
Turrican|240x320|Perfect||11/14/24|a8de9246c081f9d77de865e0f44b76c4 (240x320)
兵蜂 (TwinBee)|240x320|Perfect||07/06/25|c53db9477ab984e44d508d1603eaa021 (240x320)
ツインビー (TwinBee) [I-Appli]|240x240|Perfect||07/28/25|db87a42f5390081d7ee030802c10f9c4 (240x240)
Tycoon Series - Fishing Legend|240x320|Perfect|Do note that using fast-forward might make the day-night cycle not match actual clock time|06/02/25|93750f4836026b49132f4270d93fa925 (240x320)
Underground Racer|176x220|Perfect||06/04/23|bd3dbb6cad2158cbdaea7b016d6fd0ab (176x220)
Unparalleled Fighting Spirit of Jiuyangzhenjing|240x320|Perfect||01/23/24|f71bf044a1cd7d8331f425c8b52be9c6 (240x320)
Up (Disney Pixar)|240x320|Perfect||02/15/25|7d11f49cbb513abd0f82a0fea7d38a5a (K800 240x320) 8c79dcf0b18daecd1abaf7df595f9fe0 (N95 240x320)
ﾜﾙｷｭｰﾚの伝説 前編 (Valkyrie's Glory) [I-Appli]|240x240|Perfect||09/04/25|a36d43f20430f4180fa5ebad926871e6 (240x240)
ﾜﾙｷｭｰﾚの栄光2 (Valkyrie's Glory 2) [I-Appli]|240x240|Playable|Has serious graphical glitches|09/04/25|a88bfc650db0e0a561fa73fe209e28cd (240x240)
Vampires Dawn - Deceit of Heretics|240x320|Perfect||07/31/25|634151e9fcca4a7f2bfd58b98daa1fc8 (240x320)
Viper Wars|240x320|Perfect||09/29/24|7ff3114672f6b52b811156d5614bcd30 (240x320)
WALL-E|240x320|Perfect||11/19/24|27cf69bef17bb928f338767636701f43 (240x320)
Wappo|101x80|Perfect||09/04/25|b6bc0fcbc3c00d1ec789e7da88229784 (101x80)
Wappo 2|240x320|Perfect||09/04/25|5fe70cb5a8d49089a10b1395b8df6b42 (240x320)
Wappo Junior|128x128|Perfect||09/04/25|3b60e8c9cdfeab4c83c61f12f41d2fce (128x128)
魔兽远征-恶魔猎手觉醒 (Warcraft Expedition - Demon Hunter Awakening)|320x240|Perfect||06/04/23|0a7d55bd372001eaef40262fa4213c30 (320x240)
战争危机-法老之怒 (War Crisis - Pharaoh's Wrath)|240x320|Not booting|Intros work fine, but suddenly closes when it reaches the menu, probably uses m3g.|06/04/23|fad173a1f4a2bdb9bab3506e91092104 (240x320)
Watchmen – The Mobile Game|320x240, 240x320|Perfect||06/04/23|a5666e9847b7b0ef9ac3704da72d4cde (320x240, 240x320)
Where’s My Water?|240x400 (touch)|Perfect|In-App Purchases (microedition.content) aren’t supported. Benefits from a 60fps lock.|07/16/25|8dd345e760de7b44ad0485037ba4d168 (240x400 touch)
Wild West Guns|320x240|Perfect||06/04/23|ffd647a30d8da5adc4e4f4a0fdd90b09 (320x240)
Wireless Tanks|320x240|Perfect||06/04/23|3b5ee2a82aa75317c6f29b94f8013873 (320x240)
魔女大冒险 (Witch Adventure)|240x320|Perfect||09/25/25|28ea88c5bfd72ff14f6e4e581bce3e9e (240x320)
Wizardry|101x80|Minor issues|Works great, but some text is misaligned… also requires a lock to 60fps or less, otherwise scrolling is too fast.|12/26/24|b14249db8420027d3e5156055bdf41bd (101x80)
魔女传说-横空出世 (Wizards Fantasy)|176x208|Perfect||05/18/25|9c3b42e86f2c902ad6b6bf9fd186d20c (176x208)
Wolfenstein RPG|320x240|Perfect||06/04/23|4116d47bc6c1a6108052413a6b833c9b (320x240)
Wolf Moon (月影狼跡)|176x208|Perfect||05/18/25|677686089e7f8c244255fc843a0d2a21 (176x208 CN)
World Fighting Heroes II|101x80|Perfect|Requires the Siemens Control Scheme and a lock to 20fps or less|05/14/25|2b7a6e93585b713a20a4d8dec942fa2c (101x80)
Wrath of the Titans|320x240|Perfect||06/04/23|b6eafa64128f82b6f4084f1a896b49d3 (320x240)
武林传之刀剑江湖录-上 (Wulin history 1)|240x320|Minor issues|Missing AMR decoder|09/25/25|ecfaf48016be1a83b1cfe4ed0954a78d (240x320)
武林传之刀剑江湖录-中 (Wulin history 2)|240x320|Minor issues|Missing AMR decoder|09/25/25|6a2121c9e32584742aad6d3b1d1eeed1 (240x320)
武林传之刀剑江湖录-下 (Wulin history 3)|240x320|Minor issues|Missing AMR decoder|09/25/25|6427cc563d26ef07298480686e3c357a (240x320)
XIII|240x320|Perfect||06/04/23|8e8d65592a792bbd098e4f5940e66c61 (240x320)
XIII 2 – Covert Identity|240x320|Perfect||06/04/23|daa700fe734aaf1664f61d6f98b54676 (240x320)
X-Men Origins – Wolverine|240x320, 320x240|Perfect||06/04/23|bfda5da530722e7c57ce589c07ab4bc6 (320x240)
xXx 2 – The Next Level|240x320|Perfect||06/04/23|17126eaec0d2ac8107d57fc895d65fb5 (240x320)
魔炎兽猎传-血斩邪龙 (Yang Chuan Hunter: Blood Of The Evil Dragon)|240x320|Perfect||06/04/23|e559921fc276af7d3be98ccb0179a17e (240x320)
县令黄马褂 1 (Yellow Jacket 1)|176x208|Perfect||07/05/25|254f0b6f9330769afa1d2f75d7ad6338 (176x208)
县令黄马褂 2 (Yellow Jacket 2)|176x208|Perfect||07/05/25|c7e53a1aaf37b2809a9cccd08baf6eba (176x208)
伏魔宗师风云录 (Young Onmyoji)|240x320|Perfect||05/18/25|1f18d81cbd2907bc9eb34e086fc7ff4a (240x320)
イースⅠ 完全版 (Ys I - Complete Edition) [S!Appli]|240x240|Perfect||07/29/25|957febfa8f6f8e324329ce601464ca58 (240x240)
生肖宝贝 2007(Zodiac pets)|176x208|Perfect|The game has a bug, so the freeze after the final battle is expected behavior.|09/22/25|c33eba2645cacc51b8e7d3b66cc7e5f2 (176x208)
Zombie Attack|240x320|Perfect|Throws some 'Couldn't Load Image Stream' messages at the console|10/29/23|7f6cb5ee1885baf24a68c656fca094ec (240x320)
丧尸危机-全城爆发 (Zombie Crisis – Citywide Outbreak)|240x320|Minor issues|Almost perfect, cannot play some audio/amr files|11/02/23|f949ff88b3088d5e9c54c854a24536b3 (240x320)
Zombie Infection|320x240|Perfect||06/04/23|e1a6b41198c60060bf7da771358fb380 (320x240)
Zombie Infection 2|320x240|Perfect||06/12/23|160815bed90bcf32247e009f14e8aa21 (320x240)
Zombiewood|320x240|Minor issues|Almost perfect, but can’t play audio/amr files. Also benefits from a 60fps cap|06/04/23|fa2e3ea981c083f44c8185d3dadc1a2f (320x240)
Zookeeper DX [I-Appli]|240x240|Perfect||07/30/25|54d2e3ee860c4ded1e40e3a034253d4b (240x240)
Zookeeper DX [S!Appli]|240x240|Perfect||07/28/25|f68a01d1e5107281a4698cad37a16fbc (240x240)
Zuma’s Revenge!|320x240|Perfect||06/04/23|b67e9af97147a4cca8642152d76d5e90 (320x240)
Zuma-X|320x240|Perfect||10/12/24|a22e944589522c81480aed036e3db180 (320x240)
